-- Insert values into the tables
-- barang1
INSERT INTO barang1 VALUES
('BRG0001', 'P', 'ACYCLOVIR DUS', 'ZPJ1', 'Produk jadi', 206, 'OGB & PH', 'DUS'),
('BRG0002', 'P', 'ALERGINE TABLET SALUT', 'ZPJ1', 'Produk jadi', 203, 'ETIKAL', 'DUS'),
('BRG0003', 'P', 'AMPICILLIN', 'ZPJ1', 'Produk jadi', 210, 'MARCKS', 'BOTOL'),
('BRG0004', 'P', 'TRAMADOL KAPSUL 50 MG', 'ZPJ1', 'Produk jadi', 201, 'VNS', 'KAPSUL'),
('BRG0005', 'P', 'KLORPROMAZINA TABLET SALUT SELAPUT 100 MG', 'ZPJ1', 'Produk jadi', 203, 'SLCYL', 'TABLET'),
('BRG0006', 'P', 'KETOCONAZOLE TABLET 200 MG', 'ZPJ1', 'Produk jadi', 205, 'OGB & PH', 'TABLET'),
('BRG0007', 'P', 'ERGOTAMINE COFFEINE', 'ZPJ1', 'Produk jadi', 206, 'ETIKAL', 'BOTOL'),
('BRG0008', 'P', 'TETRACYCLINE KAPSUL 250 MG', 'ZPJ1', 'Produk jadi', 204, 'MARCKS', 'KAPSUL'),
('BRG0009', 'P', 'AMBROXOL HC', 'ZPJ1', 'Produk jadi', 207, 'VNS', 'BOTOL'),
('BRG0010', 'P', 'PARACETAMOL', 'ZPJ1', 'Produk jadi', 208, 'SLCYL', 'BOTOL');

-- barang2
INSERT INTO barang2 VALUES
('BRG0001', 'ACYCLOVIR DUS', 'DUS', 96000, 'Produk jadi', 206, 'OGB & PH'),
('BRG0002', 'ALERGINE TABLET SALUT', 'DUS', 112000, 'Produk jadi', 203, 'ETIKAL'),
('BRG0003', 'AMPICILLIN', 'BOTOL', 17000, 'Produk jadi', 210, 'MARCKS'),
('BRG0004', 'TRAMADOL KAPSUL 50 MG', 'TABLET', 24500, 'Produk jadi', 201, 'VNS'),
('BRG0005', 'KLORPROMAZINA TABLET SALUT SELAPUT 100 MG', 'TABLET', 47000, 'Produk jadi', 203, 'SLCYL'),
('BRG0006', 'KETOCONAZOLE TABLET 200 MG', 'TABLET', 39000, 'Produk jadi', 205, 'OGB & PH'),
('BRG0007', 'ERGOTAMINE COFFEINE', 'BOTOL', 64700, 'Produk jadi', 206, 'ETIKAL'),
('BRG0008', 'TETRACYCLINE KAPSUL 250 MG', 'TABLET', 9800, 'Produk jadi', 204, 'MARCKS'),
('BRG0009', 'AMBROXOL HC', 'BOTOL', 31000, 'Produk jadi', 207, 'VNS'),
('BRG0010', 'PARACETAMOL', 'BOTOL', 21000, 'Produk jadi', 208, 'SLCYL');

-- pelanggan1
INSERT INTO pelanggan1 VALUES
('CUST55380', 'Company', 'APOTEK TAPAK', 'CAB01', 'Aceh', 'Z32', 'Apotek'),
('CUST55381', 'Company', 'APOTEK MAJA', 'CAB02', 'Kuningan', 'Z32', 'Apotek'),
('CUST55382', 'Company', 'KLINIK GM', 'CAB03', 'Jakarta', 'Z31', 'Klinik'),
('CUST55383', 'Company', 'APOTEK MERDEKA', 'CAB04', 'Bandung', 'Z32', 'Apotek'),
('CUST55384', 'Company', 'KLINIK SAHABAT', 'CAB05', 'Tangerang', 'Z31', 'Klinik'),
('CUST55385', 'Company', 'APOTEK SINAR JAYA', 'CAB06', 'Bekasi', 'Z32', 'Apotek'),
('CUST55386', 'Company', 'APOTEK SAHABAT', 'CAB07', 'Padang', 'Z32', 'Apotek'),
('CUST55387', 'Company', 'APOTEK TAPAK', 'CAB01', 'Aceh', 'Z32', 'Apotek'),
('CUST55388', 'Company', 'APOTEK MAJA', 'CAB02', 'Kuningan', 'Z32', 'Apotek'),
('CUST55389', 'Company', 'KLINIK GM', 'CAB03', 'Jakarta', 'Z31', 'Klinik'),
('CUST55390', 'Company', 'APOTEK MERDEKA', 'CAB04', 'Bandung', 'Z32', 'Apotek'),
('CUST55391', 'Company', 'KLINIK SAHABAT', 'CAB05', 'Tangerang', 'Z31', 'Klinik'),
('CUST55392', 'Company', 'APOTEK SINAR JAYA', 'CAB06', 'Bekasi', 'Z32', 'Apotek'),
('CUST55393', 'Company', 'APOTEK SAHABAT', 'CAB07', 'Padang', 'Z32', 'Apotek'),
('CUST55394', 'Company', 'KLINIK DR. ANDRI', 'CAB08', 'Lampung', 'Z31', 'Klinik'),
('CUST55395', 'Company', 'APOTEK TAPAK', 'CAB01', 'Aceh', 'Z32', 'Apotek'),
('CUST55396', 'Company', 'APOTEK MAJA', 'CAB02', 'Kuningan', 'Z32', 'Apotek'),
('CUST55397', 'Company', 'KLINIK GM', 'CAB03', 'Jakarta', 'Z31', 'Klinik'),
('CUST55398', 'Company', 'APOTEK MERDEKA', 'CAB04', 'Bandung', 'Z32', 'Apotek'),
('CUST55399', 'Company', 'KLINIK SAHABAT', 'CAB05', 'Tangerang', 'Z31', 'Klinik'),
('CUST55400', 'Company', 'APOTEK SINAR JAYA', 'CAB06', 'Bekasi', 'Z32', 'Apotek'),
('CUST55401', 'Company', 'APOTEK SAHABAT', 'CAB07', 'Padang', 'Z32', 'Apotek'),
('CUST55402', 'Company', 'APOTEK TAPAK', 'CAB01', 'Aceh', 'Z32', 'Apotek'),
('CUST55403', 'Company', 'APOTEK MAJA', 'CAB02', 'Kuningan', 'Z32', 'Apotek'),
('CUST55404', 'Company', 'KLINIK GM', 'CAB03', 'Jakarta', 'Z31', 'Klinik'),
('CUST55405', 'Company', 'APOTEK MERDEKA', 'CAB04', 'Bandung', 'Z32', 'Apotek'),
('CUST55406', 'Company', 'KLINIK SAHABAT', 'CAB05', 'Tangerang', 'Z31', 'Klinik'),
('CUST55407', 'Company', 'APOTEK SINAR JAYA', 'CAB06', 'Bekasi', 'Z32', 'Apotek'),
('CUST55408', 'Company', 'APOTEK SAHABAT', 'CAB07', 'Padang', 'Z32', 'Apotek'),
('CUST55409', 'Company', 'KLINIK DR. ANDRI', 'CAB08', 'Lampung', 'Z31', 'Klinik'),
('CUST55410', 'Company', 'APOTEK TAPAK', 'CAB01', 'Aceh', 'Z32', 'Apotek'),
('CUST55411', 'Company', 'APOTEK MAJA', 'CAB02', 'Kuningan', 'Z32', 'Apotek'),
('CUST55412', 'Company', 'KLINIK GM', 'CAB03', 'Jakarta', 'Z31', 'Klinik'),
('CUST55413', 'Company', 'APOTEK MERDEKA', 'CAB04', 'Bandung', 'Z32', 'Apotek'),
('CUST55414', 'Company', 'KLINIK SAHABAT', 'CAB05', 'Tangerang', 'Z31', 'Klinik'),
('CUST55415', 'Company', 'APOTEK SINAR JAYA', 'CAB06', 'Bekasi', 'Z32', 'Apotek'),
('CUST55416', 'Company', 'APOTEK SAHABAT', 'CAB07', 'Padang', 'Z32', 'Apotek'),
('CUST55417', 'Company', 'APOTEK TAPAK', 'CAB01', 'Aceh', 'Z32', 'Apotek'),
('CUST55418', 'Company', 'APOTEK MAJA', 'CAB02', 'Kuningan', 'Z32', 'Apotek'),
('CUST55419', 'Company', 'KLINIK GM', 'CAB03', 'Jakarta', 'Z31', 'Klinik'),
('CUST55420', 'Company', 'APOTEK MERDEKA', 'CAB04', 'Bandung', 'Z32', 'Apotek'),
('CUST55421', 'Company', 'KLINIK SAHABAT', 'CAB05', 'Tangerang', 'Z31', 'Klinik'),
('CUST55422', 'Company', 'APOTEK SINAR JAYA', 'CAB06', 'Bekasi', 'Z32', 'Apotek'),
('CUST55423', 'Company', 'APOTEK SAHABAT', 'CAB07', 'Padang', 'Z32', 'Apotek'),
('CUST55424', 'Company', 'KLINIK DR. ANDRI', 'CAB08', 'Lampung', 'Z31', 'Klinik'),
('CUST55425', 'Company', 'APOTEK TAPAK', 'CAB01', 'Aceh', 'Z32', 'Apotek'),
('CUST55426', 'Company', 'APOTEK MAJA', 'CAB02', 'Kuningan', 'Z32', 'Apotek'),
('CUST55427', 'Company', 'KLINIK GM', 'CAB03', 'Jakarta', 'Z31', 'Klinik'),
('CUST55428', 'Company', 'APOTEK MERDEKA', 'CAB04', 'Bandung', 'Z32', 'Apotek'),
('CUST55429', 'Company', 'KLINIK SAHABAT', 'CAB05', 'Tangerang', 'Z31', 'Klinik'),
('CUST55430', 'Company', 'APOTEK SINAR JAYA', 'CAB06', 'Bekasi', 'Z32', 'Apotek'),
('CUST55431', 'Company', 'APOTEK SAHABAT', 'CAB07', 'Padang', 'Z32', 'Apotek'),
('CUST55432', 'Company', 'APOTEK TAPAK', 'CAB01', 'Aceh', 'Z32', 'Apotek'),
('CUST55433', 'Company', 'APOTEK MAJA', 'CAB02', 'Kuningan', 'Z32', 'Apotek'),
('CUST55434', 'Company', 'KLINIK GM', 'CAB03', 'Jakarta', 'Z31', 'Klinik'),
('CUST55435', 'Company', 'APOTEK MERDEKA', 'CAB04', 'Bandung', 'Z32', 'Apotek'),
('CUST55436', 'Company', 'KLINIK SAHABAT', 'CAB05', 'Tangerang', 'Z31', 'Klinik'),
('CUST55437', 'Company', 'APOTEK SINAR JAYA', 'CAB06', 'Bekasi', 'Z32', 'Apotek'),
('CUST55438', 'Company', 'APOTEK SAHABAT', 'CAB07', 'Padang', 'Z32', 'Apotek'),
('CUST55439', 'Company', 'KLINIK DR. ANDRI', 'CAB08', 'Lampung', 'Z31', 'Klinik'),
('CUST55440', 'Company', 'APOTEK TAPAK', 'CAB01', 'Aceh', 'Z32', 'Apotek'),
('CUST55441', 'Company', 'APOTEK MAJA', 'CAB02', 'Kuningan', 'Z32', 'Apotek'),
('CUST55442', 'Company', 'KLINIK GM', 'CAB03', 'Jakarta', 'Z31', 'Klinik'),
('CUST55443', 'Company', 'APOTEK MERDEKA', 'CAB04', 'Bandung', 'Z32', 'Apotek'),
('CUST55444', 'Company', 'KLINIK SAHABAT', 'CAB05', 'Tangerang', 'Z31', 'Klinik'),
('CUST55445', 'Company', 'APOTEK SINAR JAYA', 'CAB06', 'Bekasi', 'Z32', 'Apotek'),
('CUST55446', 'Company', 'APOTEK SAHABAT', 'CAB07', 'Padang', 'Z32', 'Apotek'),
('CUST55447', 'Company', 'APOTEK TAPAK', 'CAB01', 'Aceh', 'Z32', 'Apotek'),
('CUST55448', 'Company', 'APOTEK MAJA', 'CAB02', 'Kuningan', 'Z32', 'Apotek'),
('CUST55449', 'Company', 'KLINIK GM', 'CAB03', 'Jakarta', 'Z31', 'Klinik'),
('CUST55450', 'Company', 'APOTEK MERDEKA', 'CAB04', 'Bandung', 'Z32', 'Apotek'),
('CUST55451', 'Company', 'KLINIK SAHABAT', 'CAB05', 'Tangerang', 'Z31', 'Klinik'),
('CUST55452', 'Company', 'APOTEK SINAR JAYA', 'CAB06', 'Bekasi', 'Z32', 'Apotek'),
('CUST55453', 'Company', 'APOTEK SAHABAT', 'CAB07', 'Padang', 'Z32', 'Apotek'),
('CUST55454', 'Company', 'KLINIK DR. ANDRI', 'CAB08', 'Lampung', 'Z31', 'Klinik'),
('CUST55455', 'Company', 'APOTEK TAPAK', 'CAB01', 'Aceh', 'Z32', 'Apotek'),
('CUST55456', 'Company', 'APOTEK MAJA', 'CAB02', 'Kuningan', 'Z32', 'Apotek'),
('CUST55457', 'Company', 'KLINIK GM', 'CAB03', 'Jakarta', 'Z31', 'Klinik'),
('CUST55458', 'Company', 'APOTEK MERDEKA', 'CAB04', 'Bandung', 'Z32', 'Apotek'),
('CUST55459', 'Company', 'KLINIK SAHABAT', 'CAB05', 'Tangerang', 'Z31', 'Klinik'),
('CUST55460', 'Company', 'APOTEK SINAR JAYA', 'CAB06', 'Bekasi', 'Z32', 'Apotek'),
('CUST55461', 'Company', 'APOTEK SAHABAT', 'CAB07', 'Padang', 'Z32', 'Apotek'),
('CUST55462', 'Company', 'APOTEK TAPAK', 'CAB01', 'Aceh', 'Z32', 'Apotek'),
('CUST55463', 'Company', 'APOTEK MAJA', 'CAB02', 'Kuningan', 'Z32', 'Apotek'),
('CUST55464', 'Company', 'KLINIK GM', 'CAB03', 'Jakarta', 'Z31', 'Klinik'),
('CUST55465', 'Company', 'APOTEK MERDEKA', 'CAB04', 'Bandung', 'Z32', 'Apotek'),
('CUST55466', 'Company', 'KLINIK SAHABAT', 'CAB05', 'Tangerang', 'Z31', 'Klinik'),
('CUST55467', 'Company', 'APOTEK SINAR JAYA', 'CAB06', 'Bekasi', 'Z32', 'Apotek'),
('CUST55468', 'Company', 'APOTEK SAHABAT', 'CAB07', 'Padang', 'Z32', 'Apotek'),
('CUST55469', 'Company', 'KLINIK DR. ANDRI', 'CAB08', 'Lampung', 'Z31', 'Klinik'),
('CUST55470', 'Company', 'APOTEK TAPAK', 'CAB01', 'Aceh', 'Z32', 'Apotek'),
('CUST55471', 'Company', 'APOTEK MAJA', 'CAB02', 'Kuningan', 'Z32', 'Apotek'),
('CUST55472', 'Company', 'KLINIK GM', 'CAB03', 'Jakarta', 'Z31', 'Klinik'),
('CUST55473', 'Company', 'APOTEK MERDEKA', 'CAB04', 'Bandung', 'Z32', 'Apotek'),
('CUST55474', 'Company', 'KLINIK SAHABAT', 'CAB05', 'Tangerang', 'Z31', 'Klinik'),
('CUST55475', 'Company', 'APOTEK SINAR JAYA', 'CAB06', 'Bekasi', 'Z32', 'Apotek'),
('CUST55476', 'Company', 'APOTEK SAHABAT', 'CAB07', 'Padang', 'Z32', 'Apotek'),
('CUST55477', 'Company', 'APOTEK TAPAK', 'CAB01', 'Aceh', 'Z32', 'Apotek'),
('CUST55478', 'Company', 'APOTEK MAJA', 'CAB02', 'Kuningan', 'Z32', 'Apotek'),
('CUST55479', 'Company', 'KLINIK GM', 'CAB03', 'Jakarta', 'Z31', 'Klinik'),
('CUST55480', 'Company', 'APOTEK MERDEKA', 'CAB04', 'Bandung', 'Z32', 'Apotek'),
('CUST55481', 'Company', 'KLINIK SAHABAT', 'CAB05', 'Tangerang', 'Z31', 'Klinik'),
('CUST55482', 'Company', 'APOTEK SINAR JAYA', 'CAB06', 'Bekasi', 'Z32', 'Apotek'),
('CUST55483', 'Company', 'APOTEK SAHABAT', 'CAB07', 'Padang', 'Z32', 'Apotek'),
('CUST55484', 'Company', 'KLINIK DR. ANDRI', 'CAB08', 'Lampung', 'Z31', 'Klinik'),
('CUST55485', 'Company', 'APOTEK TAPAK', 'CAB01', 'Aceh', 'Z32', 'Apotek'),
('CUST55486', 'Company', 'APOTEK MAJA', 'CAB02', 'Kuningan', 'Z32', 'Apotek'),
('CUST55487', 'Company', 'KLINIK GM', 'CAB03', 'Jakarta', 'Z31', 'Klinik'),
('CUST55488', 'Company', 'APOTEK MERDEKA', 'CAB04', 'Bandung', 'Z32', 'Apotek'),
('CUST55489', 'Company', 'KLINIK SAHABAT', 'CAB05', 'Tangerang', 'Z31', 'Klinik'),
('CUST55490', 'Company', 'APOTEK SINAR JAYA', 'CAB06', 'Bekasi', 'Z32', 'Apotek'),
('CUST55491', 'Company', 'APOTEK SAHABAT', 'CAB07', 'Padang', 'Z32', 'Apotek'),
('CUST55492', 'Company', 'APOTEK TAPAK', 'CAB01', 'Aceh', 'Z32', 'Apotek'),
('CUST55493', 'Company', 'APOTEK MAJA', 'CAB02', 'Kuningan', 'Z32', 'Apotek'),
('CUST55494', 'Company', 'KLINIK GM', 'CAB03', 'Jakarta', 'Z31', 'Klinik'),
('CUST55495', 'Company', 'APOTEK MERDEKA', 'CAB04', 'Bandung', 'Z32', 'Apotek'),
('CUST55496', 'Company', 'KLINIK SAHABAT', 'CAB05', 'Tangerang', 'Z31', 'Klinik'),
('CUST55497', 'Company', 'APOTEK SINAR JAYA', 'CAB06', 'Bekasi', 'Z32', 'Apotek'),
('CUST55498', 'Company', 'APOTEK SAHABAT', 'CAB07', 'Padang', 'Z32', 'Apotek'),
('CUST55499', 'Company', 'KLINIK DR. ANDRI', 'CAB08', 'Lampung', 'Z31', 'Klinik'),
('CUST55500', 'Company', 'APOTEK TAPAK', 'CAB01', 'Aceh', 'Z32', 'Apotek'),
('CUST55501', 'Company', 'APOTEK MAJA', 'CAB02', 'Kuningan', 'Z32', 'Apotek'),
('CUST55502', 'Company', 'KLINIK GM', 'CAB03', 'Jakarta', 'Z31', 'Klinik'),
('CUST55503', 'Company', 'APOTEK MERDEKA', 'CAB04', 'Bandung', 'Z32', 'Apotek'),
('CUST55504', 'Company', 'KLINIK SAHABAT', 'CAB05', 'Tangerang', 'Z31', 'Klinik'),
('CUST55505', 'Company', 'APOTEK SINAR JAYA', 'CAB06', 'Bekasi', 'Z32', 'Apotek'),
('CUST55506', 'Company', 'APOTEK SAHABAT', 'CAB07', 'Padang', 'Z32', 'Apotek'),
('CUST55507', 'Company', 'APOTEK TAPAK', 'CAB01', 'Aceh', 'Z32', 'Apotek'),
('CUST55508', 'Company', 'APOTEK MAJA', 'CAB02', 'Kuningan', 'Z32', 'Apotek'),
('CUST55509', 'Company', 'KLINIK GM', 'CAB03', 'Jakarta', 'Z31', 'Klinik'),
('CUST55510', 'Company', 'APOTEK MERDEKA', 'CAB04', 'Bandung', 'Z32', 'Apotek'),
('CUST55511', 'Company', 'KLINIK SAHABAT', 'CAB05', 'Tangerang', 'Z31', 'Klinik'),
('CUST55512', 'Company', 'APOTEK SINAR JAYA', 'CAB06', 'Bekasi', 'Z32', 'Apotek'),
('CUST55513', 'Company', 'APOTEK SAHABAT', 'CAB07', 'Padang', 'Z32', 'Apotek'),
('CUST55514', 'Company', 'KLINIK DR. ANDRI', 'CAB08', 'Lampung', 'Z31', 'Klinik'),
('CUST55515', 'Company', 'APOTEK TAPAK', 'CAB01', 'Aceh', 'Z32', 'Apotek'),
('CUST55516', 'Company', 'APOTEK MAJA', 'CAB02', 'Kuningan', 'Z32', 'Apotek'),
('CUST55517', 'Company', 'KLINIK GM', 'CAB03', 'Jakarta', 'Z31', 'Klinik'),
('CUST55518', 'Company', 'APOTEK MERDEKA', 'CAB04', 'Bandung', 'Z32', 'Apotek'),
('CUST55519', 'Company', 'KLINIK SAHABAT', 'CAB05', 'Tangerang', 'Z31', 'Klinik'),
('CUST55520', 'Company', 'APOTEK SINAR JAYA', 'CAB06', 'Bekasi', 'Z32', 'Apotek'),
('CUST55521', 'Company', 'APOTEK SAHABAT', 'CAB07', 'Padang', 'Z32', 'Apotek'),
('CUST55522', 'Company', 'APOTEK TAPAK', 'CAB01', 'Aceh', 'Z32', 'Apotek'),
('CUST55523', 'Company', 'APOTEK MAJA', 'CAB02', 'Kuningan', 'Z32', 'Apotek'),
('CUST55524', 'Company', 'KLINIK GM', 'CAB03', 'Jakarta', 'Z31', 'Klinik'),
('CUST55525', 'Company', 'APOTEK MERDEKA', 'CAB04', 'Bandung', 'Z32', 'Apotek'),
('CUST55526', 'Company', 'KLINIK SAHABAT', 'CAB05', 'Tangerang', 'Z31', 'Klinik'),
('CUST55527', 'Company', 'APOTEK SINAR JAYA', 'CAB06', 'Bekasi', 'Z32', 'Apotek'),
('CUST55528', 'Company', 'APOTEK SAHABAT', 'CAB07', 'Padang', 'Z32', 'Apotek'),
('CUST55529', 'Company', 'KLINIK DR. ANDRI', 'CAB08', 'Lampung', 'Z31', 'Klinik'),
('CUST55530', 'Company', 'APOTEK TAPAK', 'CAB01', 'Aceh', 'Z32', 'Apotek'),
('CUST55531', 'Company', 'APOTEK MAJA', 'CAB02', 'Kuningan', 'Z32', 'Apotek'),
('CUST55532', 'Company', 'KLINIK GM', 'CAB03', 'Jakarta', 'Z31', 'Klinik'),
('CUST55533', 'Company', 'APOTEK MERDEKA', 'CAB04', 'Bandung', 'Z32', 'Apotek'),
('CUST55534', 'Company', 'KLINIK SAHABAT', 'CAB05', 'Tangerang', 'Z31', 'Klinik'),
('CUST55535', 'Company', 'APOTEK SINAR JAYA', 'CAB06', 'Bekasi', 'Z32', 'Apotek'),
('CUST55536', 'Company', 'APOTEK SAHABAT', 'CAB07', 'Padang', 'Z32', 'Apotek'),
('CUST55537', 'Company', 'APOTEK TAPAK', 'CAB01', 'Aceh', 'Z32', 'Apotek'),
('CUST55538', 'Company', 'APOTEK MAJA', 'CAB02', 'Kuningan', 'Z32', 'Apotek'),
('CUST55539', 'Company', 'KLINIK GM', 'CAB03', 'Jakarta', 'Z31', 'Klinik'),
('CUST55540', 'Company', 'APOTEK MERDEKA', 'CAB04', 'Bandung', 'Z32', 'Apotek'),
('CUST55541', 'Company', 'KLINIK SAHABAT', 'CAB05', 'Tangerang', 'Z31', 'Klinik'),
('CUST55542', 'Company', 'APOTEK SINAR JAYA', 'CAB06', 'Bekasi', 'Z32', 'Apotek'),
('CUST55543', 'Company', 'APOTEK SAHABAT', 'CAB07', 'Padang', 'Z32', 'Apotek'),
('CUST55544', 'Company', 'KLINIK DR. ANDRI', 'CAB08', 'Lampung', 'Z31', 'Klinik'),
('CUST55545', 'Company', 'APOTEK TAPAK', 'CAB01', 'Aceh', 'Z32', 'Apotek'),
('CUST55546', 'Company', 'APOTEK MAJA', 'CAB02', 'Kuningan', 'Z32', 'Apotek'),
('CUST55547', 'Company', 'KLINIK GM', 'CAB03', 'Jakarta', 'Z31', 'Klinik'),
('CUST55548', 'Company', 'APOTEK MERDEKA', 'CAB04', 'Bandung', 'Z32', 'Apotek'),
('CUST55549', 'Company', 'KLINIK SAHABAT', 'CAB05', 'Tangerang', 'Z31', 'Klinik'),
('CUST55550', 'Company', 'APOTEK SINAR JAYA', 'CAB06', 'Bekasi', 'Z32', 'Apotek'),
('CUST55551', 'Company', 'APOTEK SAHABAT', 'CAB07', 'Padang', 'Z32', 'Apotek'),
('CUST55552', 'Company', 'APOTEK TAPAK', 'CAB01', 'Aceh', 'Z32', 'Apotek'),
('CUST55553', 'Company', 'APOTEK MAJA', 'CAB02', 'Kuningan', 'Z32', 'Apotek'),
('CUST55554', 'Company', 'KLINIK GM', 'CAB03', 'Jakarta', 'Z31', 'Klinik'),
('CUST55555', 'Company', 'APOTEK MERDEKA', 'CAB04', 'Bandung', 'Z32', 'Apotek'),
('CUST55556', 'Company', 'KLINIK SAHABAT', 'CAB05', 'Tangerang', 'Z31', 'Klinik'),
('CUST55557', 'Company', 'APOTEK SINAR JAYA', 'CAB06', 'Bekasi', 'Z32', 'Apotek'),
('CUST55558', 'Company', 'APOTEK SAHABAT', 'CAB07', 'Padang', 'Z32', 'Apotek'),
('CUST55559', 'Company', 'KLINIK DR. ANDRI', 'CAB08', 'Lampung', 'Z31', 'Klinik'),
('CUST55560', 'Company', 'APOTEK TAPAK', 'CAB01', 'Aceh', 'Z32', 'Apotek'),
('CUST55561', 'Company', 'APOTEK MAJA', 'CAB02', 'Kuningan', 'Z32', 'Apotek'),
('CUST55562', 'Company', 'KLINIK GM', 'CAB03', 'Jakarta', 'Z31', 'Klinik'),
('CUST55563', 'Company', 'APOTEK MERDEKA', 'CAB04', 'Bandung', 'Z32', 'Apotek'),
('CUST55564', 'Company', 'KLINIK SAHABAT', 'CAB05', 'Tangerang', 'Z31', 'Klinik'),
('CUST55565', 'Company', 'APOTEK SINAR JAYA', 'CAB06', 'Bekasi', 'Z32', 'Apotek'),
('CUST55566', 'Company', 'APOTEK SAHABAT', 'CAB07', 'Padang', 'Z32', 'Apotek'),
('CUST55567', 'Company', 'APOTEK TAPAK', 'CAB01', 'Aceh', 'Z32', 'Apotek'),
('CUST55568', 'Company', 'APOTEK MAJA', 'CAB02', 'Kuningan', 'Z32', 'Apotek'),
('CUST55569', 'Company', 'KLINIK GM', 'CAB03', 'Jakarta', 'Z31', 'Klinik'),
('CUST55570', 'Company', 'APOTEK MERDEKA', 'CAB04', 'Bandung', 'Z32', 'Apotek'),
('CUST55571', 'Company', 'KLINIK SAHABAT', 'CAB05', 'Tangerang', 'Z31', 'Klinik'),
('CUST55572', 'Company', 'APOTEK SINAR JAYA', 'CAB06', 'Bekasi', 'Z32', 'Apotek'),
('CUST55573', 'Company', 'APOTEK SAHABAT', 'CAB07', 'Padang', 'Z32', 'Apotek'),
('CUST55574', 'Company', 'KLINIK DR. ANDRI', 'CAB08', 'Lampung', 'Z31', 'Klinik'),
('CUST55575', 'Company', 'APOTEK TAPAK', 'CAB01', 'Aceh', 'Z32', 'Apotek'),
('CUST55576', 'Company', 'APOTEK MAJA', 'CAB02', 'Kuningan', 'Z32', 'Apotek'),
('CUST55577', 'Company', 'KLINIK GM', 'CAB03', 'Jakarta', 'Z31', 'Klinik'),
('CUST55578', 'Company', 'APOTEK MERDEKA', 'CAB04', 'Bandung', 'Z32', 'Apotek'),
('CUST55579', 'Company', 'KLINIK SAHABAT', 'CAB05', 'Tangerang', 'Z31', 'Klinik'),
('CUST55580', 'Company', 'APOTEK SINAR JAYA', 'CAB06', 'Bekasi', 'Z32', 'Apotek'),
('CUST55581', 'Company', 'APOTEK SAHABAT', 'CAB07', 'Padang', 'Z32', 'Apotek'),
('CUST55582', 'Company', 'APOTEK TAPAK', 'CAB01', 'Aceh', 'Z32', 'Apotek'),
('CUST55583', 'Company', 'APOTEK MAJA', 'CAB02', 'Kuningan', 'Z32', 'Apotek'),
('CUST55584', 'Company', 'KLINIK GM', 'CAB03', 'Jakarta', 'Z31', 'Klinik'),
('CUST55585', 'Company', 'APOTEK MERDEKA', 'CAB04', 'Bandung', 'Z32', 'Apotek'),
('CUST55586', 'Company', 'KLINIK SAHABAT', 'CAB05', 'Tangerang', 'Z31', 'Klinik'),
('CUST55587', 'Company', 'APOTEK SINAR JAYA', 'CAB06', 'Bekasi', 'Z32', 'Apotek'),
('CUST55588', 'Company', 'APOTEK SAHABAT', 'CAB07', 'Padang', 'Z32', 'Apotek'),
('CUST55589', 'Company', 'KLINIK DR. ANDRI', 'CAB08', 'Lampung', 'Z31', 'Klinik'),
('CUST55590', 'Company', 'APOTEK TAPAK', 'CAB01', 'Aceh', 'Z32', 'Apotek'),
('CUST55591', 'Company', 'APOTEK MAJA', 'CAB02', 'Kuningan', 'Z32', 'Apotek'),
('CUST55592', 'Company', 'KLINIK GM', 'CAB03', 'Jakarta', 'Z31', 'Klinik'),
('CUST55593', 'Company', 'APOTEK MERDEKA', 'CAB04', 'Bandung', 'Z32', 'Apotek'),
('CUST55594', 'Company', 'KLINIK SAHABAT', 'CAB05', 'Tangerang', 'Z31', 'Klinik'),
('CUST55595', 'Company', 'APOTEK SINAR JAYA', 'CAB06', 'Bekasi', 'Z32', 'Apotek'),
('CUST55596', 'Company', 'APOTEK SAHABAT', 'CAB07', 'Padang', 'Z32', 'Apotek'),
('CUST55597', 'Company', 'APOTEK TAPAK', 'CAB01', 'Aceh', 'Z32', 'Apotek'),
('CUST55598', 'Company', 'APOTEK MAJA', 'CAB02', 'Kuningan', 'Z32', 'Apotek'),
('CUST55599', 'Company', 'KLINIK GM', 'CAB03', 'Jakarta', 'Z31', 'Klinik'),
('CUST55600', 'Company', 'APOTEK MERDEKA', 'CAB04', 'Bandung', 'Z32', 'Apotek'),
('CUST55601', 'Company', 'KLINIK SAHABAT', 'CAB05', 'Tangerang', 'Z31', 'Klinik'),
('CUST55602', 'Company', 'APOTEK SINAR JAYA', 'CAB06', 'Bekasi', 'Z32', 'Apotek'),
('CUST55603', 'Company', 'APOTEK SAHABAT', 'CAB07', 'Padang', 'Z32', 'Apotek'),
('CUST55604', 'Company', 'KLINIK DR. ANDRI', 'CAB08', 'Lampung', 'Z31', 'Klinik'),
('CUST55605', 'Company', 'APOTEK TAPAK', 'CAB01', 'Aceh', 'Z32', 'Apotek'),
('CUST55606', 'Company', 'APOTEK MAJA', 'CAB02', 'Kuningan', 'Z32', 'Apotek'),
('CUST55607', 'Company', 'KLINIK GM', 'CAB03', 'Jakarta', 'Z31', 'Klinik'),
('CUST55608', 'Company', 'APOTEK MERDEKA', 'CAB04', 'Bandung', 'Z32', 'Apotek'),
('CUST55609', 'Company', 'KLINIK SAHABAT', 'CAB05', 'Tangerang', 'Z31', 'Klinik'),
('CUST55610', 'Company', 'APOTEK SINAR JAYA', 'CAB06', 'Bekasi', 'Z32', 'Apotek'),
('CUST55611', 'Company', 'APOTEK SAHABAT', 'CAB07', 'Padang', 'Z32', 'Apotek'),
('CUST55612', 'Company', 'APOTEK TAPAK', 'CAB01', 'Aceh', 'Z32', 'Apotek'),
('CUST55613', 'Company', 'APOTEK MAJA', 'CAB02', 'Kuningan', 'Z32', 'Apotek'),
('CUST55614', 'Company', 'KLINIK GM', 'CAB03', 'Jakarta', 'Z31', 'Klinik'),
('CUST55615', 'Company', 'APOTEK MERDEKA', 'CAB04', 'Bandung', 'Z32', 'Apotek'),
('CUST55616', 'Company', 'KLINIK SAHABAT', 'CAB05', 'Tangerang', 'Z31', 'Klinik'),
('CUST55617', 'Company', 'APOTEK SINAR JAYA', 'CAB06', 'Bekasi', 'Z32', 'Apotek'),
('CUST55618', 'Company', 'APOTEK SAHABAT', 'CAB07', 'Padang', 'Z32', 'Apotek'),
('CUST55619', 'Company', 'KLINIK DR. ANDRI', 'CAB08', 'Lampung', 'Z31', 'Klinik'),
('CUST55620', 'Company', 'APOTEK TAPAK', 'CAB01', 'Aceh', 'Z32', 'Apotek'),
('CUST55621', 'Company', 'APOTEK MAJA', 'CAB02', 'Kuningan', 'Z32', 'Apotek'),
('CUST55622', 'Company', 'KLINIK GM', 'CAB03', 'Jakarta', 'Z31', 'Klinik'),
('CUST55623', 'Company', 'APOTEK MERDEKA', 'CAB04', 'Bandung', 'Z32', 'Apotek'),
('CUST55624', 'Company', 'KLINIK SAHABAT', 'CAB05', 'Tangerang', 'Z31', 'Klinik'),
('CUST55625', 'Company', 'APOTEK SINAR JAYA', 'CAB06', 'Bekasi', 'Z32', 'Apotek'),
('CUST55626', 'Company', 'APOTEK SAHABAT', 'CAB07', 'Padang', 'Z32', 'Apotek'),
('CUST55627', 'Company', 'APOTEK TAPAK', 'CAB01', 'Aceh', 'Z32', 'Apotek'),
('CUST55628', 'Company', 'APOTEK MAJA', 'CAB02', 'Kuningan', 'Z32', 'Apotek'),
('CUST55629', 'Company', 'KLINIK GM', 'CAB03', 'Jakarta', 'Z31', 'Klinik'),
('CUST55630', 'Company', 'APOTEK MERDEKA', 'CAB04', 'Bandung', 'Z32', 'Apotek'),
('CUST55631', 'Company', 'KLINIK SAHABAT', 'CAB05', 'Tangerang', 'Z31', 'Klinik'),
('CUST55632', 'Company', 'APOTEK SINAR JAYA', 'CAB06', 'Bekasi', 'Z32', 'Apotek'),
('CUST55633', 'Company', 'APOTEK SAHABAT', 'CAB07', 'Padang', 'Z32', 'Apotek'),
('CUST55634', 'Company', 'KLINIK DR. ANDRI', 'CAB08', 'Lampung', 'Z31', 'Klinik'),
('CUST55635', 'Company', 'APOTEK TAPAK', 'CAB01', 'Aceh', 'Z32', 'Apotek'),
('CUST55636', 'Company', 'APOTEK MAJA', 'CAB02', 'Kuningan', 'Z32', 'Apotek'),
('CUST55637', 'Company', 'KLINIK GM', 'CAB03', 'Jakarta', 'Z31', 'Klinik'),
('CUST55638', 'Company', 'APOTEK MERDEKA', 'CAB04', 'Bandung', 'Z32', 'Apotek'),
('CUST55639', 'Company', 'KLINIK SAHABAT', 'CAB05', 'Tangerang', 'Z31', 'Klinik'),
('CUST55640', 'Company', 'APOTEK SINAR JAYA', 'CAB06', 'Bekasi', 'Z32', 'Apotek'),
('CUST55641', 'Company', 'APOTEK SAHABAT', 'CAB07', 'Padang', 'Z32', 'Apotek'),
('CUST55642', 'Company', 'APOTEK TAPAK', 'CAB01', 'Aceh', 'Z32', 'Apotek'),
('CUST55643', 'Company', 'APOTEK MAJA', 'CAB02', 'Kuningan', 'Z32', 'Apotek'),
('CUST55644', 'Company', 'KLINIK GM', 'CAB03', 'Jakarta', 'Z31', 'Klinik'),
('CUST55645', 'Company', 'APOTEK MERDEKA', 'CAB04', 'Bandung', 'Z32', 'Apotek'),
('CUST55646', 'Company', 'KLINIK SAHABAT', 'CAB05', 'Tangerang', 'Z31', 'Klinik'),
('CUST55647', 'Company', 'APOTEK SINAR JAYA', 'CAB06', 'Bekasi', 'Z32', 'Apotek'),
('CUST55648', 'Company', 'APOTEK SAHABAT', 'CAB07', 'Padang', 'Z32', 'Apotek'),
('CUST55649', 'Company', 'KLINIK DR. ANDRI', 'CAB08', 'Lampung', 'Z31', 'Klinik'),
('CUST55650', 'Company', 'APOTEK TAPAK', 'CAB01', 'Aceh', 'Z32', 'Apotek'),
('CUST55651', 'Company', 'APOTEK MAJA', 'CAB02', 'Kuningan', 'Z32', 'Apotek'),
('CUST55652', 'Company', 'KLINIK GM', 'CAB03', 'Jakarta', 'Z31', 'Klinik'),
('CUST55653', 'Company', 'APOTEK MERDEKA', 'CAB04', 'Bandung', 'Z32', 'Apotek'),
('CUST55654', 'Company', 'KLINIK SAHABAT', 'CAB05', 'Tangerang', 'Z31', 'Klinik'),
('CUST55655', 'Company', 'APOTEK SINAR JAYA', 'CAB06', 'Bekasi', 'Z32', 'Apotek'),
('CUST55656', 'Company', 'APOTEK SAHABAT', 'CAB07', 'Padang', 'Z32', 'Apotek'),
('CUST55657', 'Company', 'APOTEK TAPAK', 'CAB01', 'Aceh', 'Z32', 'Apotek'),
('CUST55658', 'Company', 'APOTEK MAJA', 'CAB02', 'Kuningan', 'Z32', 'Apotek'),
('CUST55659', 'Company', 'KLINIK GM', 'CAB03', 'Jakarta', 'Z31', 'Klinik'),
('CUST55660', 'Company', 'APOTEK MERDEKA', 'CAB04', 'Bandung', 'Z32', 'Apotek'),
('CUST55661', 'Company', 'KLINIK SAHABAT', 'CAB05', 'Tangerang', 'Z31', 'Klinik'),
('CUST55662', 'Company', 'APOTEK SINAR JAYA', 'CAB06', 'Bekasi', 'Z32', 'Apotek'),
('CUST55663', 'Company', 'APOTEK SAHABAT', 'CAB07', 'Padang', 'Z32', 'Apotek'),
('CUST55664', 'Company', 'KLINIK DR. ANDRI', 'CAB08', 'Lampung', 'Z31', 'Klinik'),
('CUST55665', 'Company', 'APOTEK TAPAK', 'CAB01', 'Aceh', 'Z32', 'Apotek'),
('CUST55666', 'Company', 'APOTEK MAJA', 'CAB02', 'Kuningan', 'Z32', 'Apotek'),
('CUST55667', 'Company', 'KLINIK GM', 'CAB03', 'Jakarta', 'Z31', 'Klinik'),
('CUST55668', 'Company', 'APOTEK MERDEKA', 'CAB04', 'Bandung', 'Z32', 'Apotek'),
('CUST55669', 'Company', 'KLINIK SAHABAT', 'CAB05', 'Tangerang', 'Z31', 'Klinik'),
('CUST55670', 'Company', 'APOTEK SINAR JAYA', 'CAB06', 'Bekasi', 'Z32', 'Apotek'),
('CUST55671', 'Company', 'APOTEK SAHABAT', 'CAB07', 'Padang', 'Z32', 'Apotek'),
('CUST55672', 'Company', 'APOTEK TAPAK', 'CAB01', 'Aceh', 'Z32', 'Apotek'),
('CUST55673', 'Company', 'APOTEK MAJA', 'CAB02', 'Kuningan', 'Z32', 'Apotek'),
('CUST55674', 'Company', 'KLINIK GM', 'CAB03', 'Jakarta', 'Z31', 'Klinik'),
('CUST55675', 'Company', 'APOTEK MERDEKA', 'CAB04', 'Bandung', 'Z32', 'Apotek'),
('CUST55676', 'Company', 'KLINIK SAHABAT', 'CAB05', 'Tangerang', 'Z31', 'Klinik'),
('CUST55677', 'Company', 'APOTEK SINAR JAYA', 'CAB06', 'Bekasi', 'Z32', 'Apotek'),
('CUST55678', 'Company', 'APOTEK SAHABAT', 'CAB07', 'Padang', 'Z32', 'Apotek'),
('CUST55679', 'Company', 'KLINIK DR. ANDRI', 'CAB08', 'Lampung', 'Z31', 'Klinik'),
('CUST55680', 'Company', 'APOTEK TAPAK', 'CAB01', 'Aceh', 'Z32', 'Apotek'),
('CUST55681', 'Company', 'APOTEK MAJA', 'CAB02', 'Kuningan', 'Z32', 'Apotek'),
('CUST55682', 'Company', 'KLINIK GM', 'CAB03', 'Jakarta', 'Z31', 'Klinik'),
('CUST55683', 'Company', 'APOTEK MERDEKA', 'CAB04', 'Bandung', 'Z32', 'Apotek'),
('CUST55684', 'Company', 'KLINIK SAHABAT', 'CAB05', 'Tangerang', 'Z31', 'Klinik'),
('CUST55685', 'Company', 'APOTEK SINAR JAYA', 'CAB06', 'Bekasi', 'Z32', 'Apotek'),
('CUST55686', 'Company', 'APOTEK SAHABAT', 'CAB07', 'Padang', 'Z32', 'Apotek'),
('CUST55687', 'Company', 'APOTEK TAPAK', 'CAB01', 'Aceh', 'Z32', 'Apotek'),
('CUST55688', 'Company', 'APOTEK MAJA', 'CAB02', 'Kuningan', 'Z32', 'Apotek'),
('CUST55689', 'Company', 'KLINIK GM', 'CAB03', 'Jakarta', 'Z31', 'Klinik'),
('CUST55690', 'Company', 'APOTEK MERDEKA', 'CAB04', 'Bandung', 'Z32', 'Apotek'),
('CUST55691', 'Company', 'KLINIK SAHABAT', 'CAB05', 'Tangerang', 'Z31', 'Klinik'),
('CUST55692', 'Company', 'APOTEK SINAR JAYA', 'CAB06', 'Bekasi', 'Z32', 'Apotek'),
('CUST55693', 'Company', 'APOTEK SAHABAT', 'CAB07', 'Padang', 'Z32', 'Apotek'),
('CUST55694', 'Company', 'KLINIK DR. ANDRI', 'CAB08', 'Lampung', 'Z31', 'Klinik'),
('CUST55695', 'Company', 'APOTEK TAPAK', 'CAB01', 'Aceh', 'Z32', 'Apotek'),
('CUST55696', 'Company', 'APOTEK MAJA', 'CAB02', 'Kuningan', 'Z32', 'Apotek'),
('CUST55697', 'Company', 'KLINIK GM', 'CAB03', 'Jakarta', 'Z31', 'Klinik'),
('CUST55698', 'Company', 'APOTEK MERDEKA', 'CAB04', 'Bandung', 'Z32', 'Apotek'),
('CUST55699', 'Company', 'KLINIK SAHABAT', 'CAB05', 'Tangerang', 'Z31', 'Klinik'),
('CUST55700', 'Company', 'APOTEK SINAR JAYA', 'CAB06', 'Bekasi', 'Z32', 'Apotek'),
('CUST55701', 'Company', 'APOTEK SAHABAT', 'CAB07', 'Padang', 'Z32', 'Apotek'),
('CUST55702', 'Company', 'APOTEK TAPAK', 'CAB01', 'Aceh', 'Z32', 'Apotek'),
('CUST55703', 'Company', 'APOTEK MAJA', 'CAB02', 'Kuningan', 'Z32', 'Apotek'),
('CUST55704', 'Company', 'KLINIK GM', 'CAB03', 'Jakarta', 'Z31', 'Klinik'),
('CUST55705', 'Company', 'APOTEK MERDEKA', 'CAB04', 'Bandung', 'Z32', 'Apotek'),
('CUST55706', 'Company', 'KLINIK SAHABAT', 'CAB05', 'Tangerang', 'Z31', 'Klinik'),
('CUST55707', 'Company', 'APOTEK SINAR JAYA', 'CAB06', 'Bekasi', 'Z32', 'Apotek'),
('CUST55708', 'Company', 'APOTEK SAHABAT', 'CAB07', 'Padang', 'Z32', 'Apotek'),
('CUST55709', 'Company', 'KLINIK DR. ANDRI', 'CAB08', 'Lampung', 'Z31', 'Klinik'),
('CUST55710', 'Company', 'APOTEK TAPAK', 'CAB01', 'Aceh', 'Z32', 'Apotek'),
('CUST55711', 'Company', 'APOTEK MAJA', 'CAB02', 'Kuningan', 'Z32', 'Apotek'),
('CUST55712', 'Company', 'KLINIK GM', 'CAB03', 'Jakarta', 'Z31', 'Klinik'),
('CUST55713', 'Company', 'APOTEK MERDEKA', 'CAB04', 'Bandung', 'Z32', 'Apotek'),
('CUST55714', 'Company', 'KLINIK SAHABAT', 'CAB05', 'Tangerang', 'Z31', 'Klinik'),
('CUST55715', 'Company', 'APOTEK SINAR JAYA', 'CAB06', 'Bekasi', 'Z32', 'Apotek'),
('CUST55716', 'Company', 'APOTEK SAHABAT', 'CAB07', 'Padang', 'Z32', 'Apotek'),
('CUST55717', 'Company', 'APOTEK TAPAK', 'CAB01', 'Aceh', 'Z32', 'Apotek'),
('CUST55718', 'Company', 'APOTEK MAJA', 'CAB02', 'Kuningan', 'Z32', 'Apotek'),
('CUST55719', 'Company', 'KLINIK GM', 'CAB03', 'Jakarta', 'Z31', 'Klinik'),
('CUST55720', 'Company', 'APOTEK MERDEKA', 'CAB04', 'Bandung', 'Z32', 'Apotek'),
('CUST55721', 'Company', 'KLINIK SAHABAT', 'CAB05', 'Tangerang', 'Z31', 'Klinik'),
('CUST55722', 'Company', 'APOTEK SINAR JAYA', 'CAB06', 'Bekasi', 'Z32', 'Apotek'),
('CUST55723', 'Company', 'APOTEK SAHABAT', 'CAB07', 'Padang', 'Z32', 'Apotek'),
('CUST55724', 'Company', 'KLINIK DR. ANDRI', 'CAB08', 'Lampung', 'Z31', 'Klinik'),
('CUST55725', 'Company', 'APOTEK TAPAK', 'CAB01', 'Aceh', 'Z32', 'Apotek'),
('CUST55726', 'Company', 'APOTEK MAJA', 'CAB02', 'Kuningan', 'Z32', 'Apotek'),
('CUST55727', 'Company', 'KLINIK GM', 'CAB03', 'Jakarta', 'Z31', 'Klinik'),
('CUST55728', 'Company', 'APOTEK MERDEKA', 'CAB04', 'Bandung', 'Z32', 'Apotek'),
('CUST55729', 'Company', 'KLINIK SAHABAT', 'CAB05', 'Tangerang', 'Z31', 'Klinik');

-- pelanggan2
INSERT INTO pelanggan2 VALUES
('CUST55380', 'Company', 'APOTEK TAPAK', 'CAB01', 'Aceh', 'EPM', 'Apotek'),
('CUST55381', 'Company', 'APOTEK MAJA', 'CAB02', 'Kuningan', 'TA', 'Apotek'),
('CUST55382', 'Company', 'KLINIK GM', 'CAB03', 'Jakarta', 'TA', 'Klinik'),
('CUST55383', 'Company', 'APOTEK MERDEKA', 'CAB04', 'Bandung', 'TA', 'Apotek'),
('CUST55384', 'Company', 'KLINIK SAHABAT', 'CAB05', 'Tangerang', 'TD', 'Klinik'),
('CUST55385', 'Company', 'APOTEK SINAR JAYA', 'CAB06', 'Bekasi', 'TA', 'Apotek'),
('CUST55386', 'Company', 'APOTEK SAHABAT', 'CAB07', 'Padang', 'EPM', 'Apotek'),
('CUST55387', 'Company', 'APOTEK TAPAK', 'CAB01', 'Aceh', 'EPM', 'Apotek'),
('CUST55388', 'Company', 'APOTEK MAJA', 'CAB02', 'Kuningan', 'TA', 'Apotek'),
('CUST55389', 'Company', 'KLINIK GM', 'CAB03', 'Jakarta', 'TA', 'Klinik'),
('CUST55390', 'Company', 'APOTEK MERDEKA', 'CAB04', 'Bandung', 'TA', 'Apotek'),
('CUST55391', 'Company', 'KLINIK SAHABAT', 'CAB05', 'Tangerang', 'TD', 'Klinik'),
('CUST55392', 'Company', 'APOTEK SINAR JAYA', 'CAB06', 'Bekasi', 'TA', 'Apotek'),
('CUST55393', 'Company', 'APOTEK SAHABAT', 'CAB07', 'Padang', 'EPM', 'Apotek'),
('CUST55394', 'Company', 'KLINIK DR. ANDRI', 'CAB08', 'Lampung', 'TD', 'Klinik'),
('CUST55395', 'Company', 'APOTEK TAPAK', 'CAB01', 'Aceh', 'EPM', 'Apotek'),
('CUST55396', 'Company', 'APOTEK MAJA', 'CAB02', 'Kuningan', 'TA', 'Apotek'),
('CUST55397', 'Company', 'KLINIK GM', 'CAB03', 'Jakarta', 'TA', 'Klinik'),
('CUST55398', 'Company', 'APOTEK MERDEKA', 'CAB04', 'Bandung', 'TA', 'Apotek'),
('CUST55399', 'Company', 'KLINIK SAHABAT', 'CAB05', 'Tangerang', 'TD', 'Klinik'),
('CUST55400', 'Company', 'APOTEK SINAR JAYA', 'CAB06', 'Bekasi', 'TA', 'Apotek'),
('CUST55401', 'Company', 'APOTEK SAHABAT', 'CAB07', 'Padang', 'EPM', 'Apotek'),
('CUST55402', 'Company', 'APOTEK TAPAK', 'CAB01', 'Aceh', 'EPM', 'Apotek'),
('CUST55403', 'Company', 'APOTEK MAJA', 'CAB02', 'Kuningan', 'TA', 'Apotek'),
('CUST55404', 'Company', 'KLINIK GM', 'CAB03', 'Jakarta', 'TA', 'Klinik'),
('CUST55405', 'Company', 'APOTEK MERDEKA', 'CAB04', 'Bandung', 'TA', 'Apotek'),
('CUST55406', 'Company', 'KLINIK SAHABAT', 'CAB05', 'Tangerang', 'TD', 'Klinik'),
('CUST55407', 'Company', 'APOTEK SINAR JAYA', 'CAB06', 'Bekasi', 'TA', 'Apotek'),
('CUST55408', 'Company', 'APOTEK SAHABAT', 'CAB07', 'Padang', 'EPM', 'Apotek'),
('CUST55409', 'Company', 'KLINIK DR. ANDRI', 'CAB08', 'Lampung', 'TD', 'Klinik'),
('CUST55410', 'Company', 'APOTEK TAPAK', 'CAB01', 'Aceh', 'EPM', 'Apotek'),
('CUST55411', 'Company', 'APOTEK MAJA', 'CAB02', 'Kuningan', 'TA', 'Apotek'),
('CUST55412', 'Company', 'KLINIK GM', 'CAB03', 'Jakarta', 'TA', 'Klinik'),
('CUST55413', 'Company', 'APOTEK MERDEKA', 'CAB04', 'Bandung', 'TA', 'Apotek'),
('CUST55414', 'Company', 'KLINIK SAHABAT', 'CAB05', 'Tangerang', 'TD', 'Klinik'),
('CUST55415', 'Company', 'APOTEK SINAR JAYA', 'CAB06', 'Bekasi', 'TA', 'Apotek'),
('CUST55416', 'Company', 'APOTEK SAHABAT', 'CAB07', 'Padang', 'EPM', 'Apotek'),
('CUST55417', 'Company', 'APOTEK TAPAK', 'CAB01', 'Aceh', 'EPM', 'Apotek'),
('CUST55418', 'Company', 'APOTEK MAJA', 'CAB02', 'Kuningan', 'TA', 'Apotek'),
('CUST55419', 'Company', 'KLINIK GM', 'CAB03', 'Jakarta', 'TA', 'Klinik'),
('CUST55420', 'Company', 'APOTEK MERDEKA', 'CAB04', 'Bandung', 'TA', 'Apotek'),
('CUST55421', 'Company', 'KLINIK SAHABAT', 'CAB05', 'Tangerang', 'TD', 'Klinik'),
('CUST55422', 'Company', 'APOTEK SINAR JAYA', 'CAB06', 'Bekasi', 'TA', 'Apotek'),
('CUST55423', 'Company', 'APOTEK SAHABAT', 'CAB07', 'Padang', 'EPM', 'Apotek'),
('CUST55424', 'Company', 'KLINIK DR. ANDRI', 'CAB08', 'Lampung', 'TD', 'Klinik'),
('CUST55425', 'Company', 'APOTEK TAPAK', 'CAB01', 'Aceh', 'EPM', 'Apotek'),
('CUST55426', 'Company', 'APOTEK MAJA', 'CAB02', 'Kuningan', 'TA', 'Apotek'),
('CUST55427', 'Company', 'KLINIK GM', 'CAB03', 'Jakarta', 'TA', 'Klinik'),
('CUST55428', 'Company', 'APOTEK MERDEKA', 'CAB04', 'Bandung', 'TA', 'Apotek'),
('CUST55429', 'Company', 'KLINIK SAHABAT', 'CAB05', 'Tangerang', 'TD', 'Klinik'),
('CUST55430', 'Company', 'APOTEK SINAR JAYA', 'CAB06', 'Bekasi', 'TA', 'Apotek'),
('CUST55431', 'Company', 'APOTEK SAHABAT', 'CAB07', 'Padang', 'EPM', 'Apotek'),
('CUST55432', 'Company', 'APOTEK TAPAK', 'CAB01', 'Aceh', 'EPM', 'Apotek'),
('CUST55433', 'Company', 'APOTEK MAJA', 'CAB02', 'Kuningan', 'TA', 'Apotek'),
('CUST55434', 'Company', 'KLINIK GM', 'CAB03', 'Jakarta', 'TA', 'Klinik'),
('CUST55435', 'Company', 'APOTEK MERDEKA', 'CAB04', 'Bandung', 'TA', 'Apotek'),
('CUST55436', 'Company', 'KLINIK SAHABAT', 'CAB05', 'Tangerang', 'TD', 'Klinik'),
('CUST55437', 'Company', 'APOTEK SINAR JAYA', 'CAB06', 'Bekasi', 'TA', 'Apotek'),
('CUST55438', 'Company', 'APOTEK SAHABAT', 'CAB07', 'Padang', 'EPM', 'Apotek'),
('CUST55439', 'Company', 'KLINIK DR. ANDRI', 'CAB08', 'Lampung', 'TD', 'Klinik'),
('CUST55440', 'Company', 'APOTEK TAPAK', 'CAB01', 'Aceh', 'EPM', 'Apotek'),
('CUST55441', 'Company', 'APOTEK MAJA', 'CAB02', 'Kuningan', 'TA', 'Apotek'),
('CUST55442', 'Company', 'KLINIK GM', 'CAB03', 'Jakarta', 'TA', 'Klinik'),
('CUST55443', 'Company', 'APOTEK MERDEKA', 'CAB04', 'Bandung', 'TA', 'Apotek'),
('CUST55444', 'Company', 'KLINIK SAHABAT', 'CAB05', 'Tangerang', 'TD', 'Klinik'),
('CUST55445', 'Company', 'APOTEK SINAR JAYA', 'CAB06', 'Bekasi', 'TA', 'Apotek'),
('CUST55446', 'Company', 'APOTEK SAHABAT', 'CAB07', 'Padang', 'EPM', 'Apotek'),
('CUST55447', 'Company', 'APOTEK TAPAK', 'CAB01', 'Aceh', 'EPM', 'Apotek'),
('CUST55448', 'Company', 'APOTEK MAJA', 'CAB02', 'Kuningan', 'TA', 'Apotek'),
('CUST55449', 'Company', 'KLINIK GM', 'CAB03', 'Jakarta', 'TA', 'Klinik'),
('CUST55450', 'Company', 'APOTEK MERDEKA', 'CAB04', 'Bandung', 'TA', 'Apotek'),
('CUST55451', 'Company', 'KLINIK SAHABAT', 'CAB05', 'Tangerang', 'TD', 'Klinik'),
('CUST55452', 'Company', 'APOTEK SINAR JAYA', 'CAB06', 'Bekasi', 'TA', 'Apotek'),
('CUST55453', 'Company', 'APOTEK SAHABAT', 'CAB07', 'Padang', 'EPM', 'Apotek'),
('CUST55454', 'Company', 'KLINIK DR. ANDRI', 'CAB08', 'Lampung', 'TD', 'Klinik'),
('CUST55455', 'Company', 'APOTEK TAPAK', 'CAB01', 'Aceh', 'EPM', 'Apotek'),
('CUST55456', 'Company', 'APOTEK MAJA', 'CAB02', 'Kuningan', 'TA', 'Apotek'),
('CUST55457', 'Company', 'KLINIK GM', 'CAB03', 'Jakarta', 'TA', 'Klinik'),
('CUST55458', 'Company', 'APOTEK MERDEKA', 'CAB04', 'Bandung', 'TA', 'Apotek'),
('CUST55459', 'Company', 'KLINIK SAHABAT', 'CAB05', 'Tangerang', 'TD', 'Klinik'),
('CUST55460', 'Company', 'APOTEK SINAR JAYA', 'CAB06', 'Bekasi', 'TA', 'Apotek'),
('CUST55461', 'Company', 'APOTEK SAHABAT', 'CAB07', 'Padang', 'EPM', 'Apotek'),
('CUST55462', 'Company', 'APOTEK TAPAK', 'CAB01', 'Aceh', 'EPM', 'Apotek'),
('CUST55463', 'Company', 'APOTEK MAJA', 'CAB02', 'Kuningan', 'TA', 'Apotek'),
('CUST55464', 'Company', 'KLINIK GM', 'CAB03', 'Jakarta', 'TA', 'Klinik'),
('CUST55465', 'Company', 'APOTEK MERDEKA', 'CAB04', 'Bandung', 'TA', 'Apotek'),
('CUST55466', 'Company', 'KLINIK SAHABAT', 'CAB05', 'Tangerang', 'TD', 'Klinik'),
('CUST55467', 'Company', 'APOTEK SINAR JAYA', 'CAB06', 'Bekasi', 'TA', 'Apotek'),
('CUST55468', 'Company', 'APOTEK SAHABAT', 'CAB07', 'Padang', 'EPM', 'Apotek'),
('CUST55469', 'Company', 'KLINIK DR. ANDRI', 'CAB08', 'Lampung', 'TD', 'Klinik'),
('CUST55470', 'Company', 'APOTEK TAPAK', 'CAB01', 'Aceh', 'EPM', 'Apotek'),
('CUST55471', 'Company', 'APOTEK MAJA', 'CAB02', 'Kuningan', 'TA', 'Apotek'),
('CUST55472', 'Company', 'KLINIK GM', 'CAB03', 'Jakarta', 'TA', 'Klinik'),
('CUST55473', 'Company', 'APOTEK MERDEKA', 'CAB04', 'Bandung', 'TA', 'Apotek'),
('CUST55474', 'Company', 'KLINIK SAHABAT', 'CAB05', 'Tangerang', 'TD', 'Klinik'),
('CUST55475', 'Company', 'APOTEK SINAR JAYA', 'CAB06', 'Bekasi', 'TA', 'Apotek'),
('CUST55476', 'Company', 'APOTEK SAHABAT', 'CAB07', 'Padang', 'EPM', 'Apotek'),
('CUST55477', 'Company', 'APOTEK TAPAK', 'CAB01', 'Aceh', 'EPM', 'Apotek'),
('CUST55478', 'Company', 'APOTEK MAJA', 'CAB02', 'Kuningan', 'TA', 'Apotek'),
('CUST55479', 'Company', 'KLINIK GM', 'CAB03', 'Jakarta', 'TA', 'Klinik'),
('CUST55480', 'Company', 'APOTEK MERDEKA', 'CAB04', 'Bandung', 'TA', 'Apotek'),
('CUST55481', 'Company', 'KLINIK SAHABAT', 'CAB05', 'Tangerang', 'TD', 'Klinik'),
('CUST55482', 'Company', 'APOTEK SINAR JAYA', 'CAB06', 'Bekasi', 'TA', 'Apotek'),
('CUST55483', 'Company', 'APOTEK SAHABAT', 'CAB07', 'Padang', 'EPM', 'Apotek'),
('CUST55484', 'Company', 'KLINIK DR. ANDRI', 'CAB08', 'Lampung', 'TD', 'Klinik'),
('CUST55485', 'Company', 'APOTEK TAPAK', 'CAB01', 'Aceh', 'EPM', 'Apotek'),
('CUST55486', 'Company', 'APOTEK MAJA', 'CAB02', 'Kuningan', 'TA', 'Apotek'),
('CUST55487', 'Company', 'KLINIK GM', 'CAB03', 'Jakarta', 'TA', 'Klinik'),
('CUST55488', 'Company', 'APOTEK MERDEKA', 'CAB04', 'Bandung', 'TA', 'Apotek'),
('CUST55489', 'Company', 'KLINIK SAHABAT', 'CAB05', 'Tangerang', 'TD', 'Klinik'),
('CUST55490', 'Company', 'APOTEK SINAR JAYA', 'CAB06', 'Bekasi', 'TA', 'Apotek'),
('CUST55491', 'Company', 'APOTEK SAHABAT', 'CAB07', 'Padang', 'EPM', 'Apotek'),
('CUST55492', 'Company', 'APOTEK TAPAK', 'CAB01', 'Aceh', 'EPM', 'Apotek'),
('CUST55493', 'Company', 'APOTEK MAJA', 'CAB02', 'Kuningan', 'TA', 'Apotek'),
('CUST55494', 'Company', 'KLINIK GM', 'CAB03', 'Jakarta', 'TA', 'Klinik'),
('CUST55495', 'Company', 'APOTEK MERDEKA', 'CAB04', 'Bandung', 'TA', 'Apotek'),
('CUST55496', 'Company', 'KLINIK SAHABAT', 'CAB05', 'Tangerang', 'TD', 'Klinik'),
('CUST55497', 'Company', 'APOTEK SINAR JAYA', 'CAB06', 'Bekasi', 'TA', 'Apotek'),
('CUST55498', 'Company', 'APOTEK SAHABAT', 'CAB07', 'Padang', 'EPM', 'Apotek'),
('CUST55499', 'Company', 'KLINIK DR. ANDRI', 'CAB08', 'Lampung', 'TD', 'Klinik'),
('CUST55500', 'Company', 'APOTEK TAPAK', 'CAB01', 'Aceh', 'EPM', 'Apotek'),
('CUST55501', 'Company', 'APOTEK MAJA', 'CAB02', 'Kuningan', 'TA', 'Apotek'),
('CUST55502', 'Company', 'KLINIK GM', 'CAB03', 'Jakarta', 'TA', 'Klinik'),
('CUST55503', 'Company', 'APOTEK MERDEKA', 'CAB04', 'Bandung', 'TA', 'Apotek'),
('CUST55504', 'Company', 'KLINIK SAHABAT', 'CAB05', 'Tangerang', 'TD', 'Klinik'),
('CUST55505', 'Company', 'APOTEK SINAR JAYA', 'CAB06', 'Bekasi', 'TA', 'Apotek'),
('CUST55506', 'Company', 'APOTEK SAHABAT', 'CAB07', 'Padang', 'EPM', 'Apotek'),
('CUST55507', 'Company', 'APOTEK TAPAK', 'CAB01', 'Aceh', 'EPM', 'Apotek'),
('CUST55508', 'Company', 'APOTEK MAJA', 'CAB02', 'Kuningan', 'TA', 'Apotek'),
('CUST55509', 'Company', 'KLINIK GM', 'CAB03', 'Jakarta', 'TA', 'Klinik'),
('CUST55510', 'Company', 'APOTEK MERDEKA', 'CAB04', 'Bandung', 'TA', 'Apotek'),
('CUST55511', 'Company', 'KLINIK SAHABAT', 'CAB05', 'Tangerang', 'TD', 'Klinik'),
('CUST55512', 'Company', 'APOTEK SINAR JAYA', 'CAB06', 'Bekasi', 'TA', 'Apotek'),
('CUST55513', 'Company', 'APOTEK SAHABAT', 'CAB07', 'Padang', 'EPM', 'Apotek'),
('CUST55514', 'Company', 'KLINIK DR. ANDRI', 'CAB08', 'Lampung', 'TD', 'Klinik'),
('CUST55515', 'Company', 'APOTEK TAPAK', 'CAB01', 'Aceh', 'EPM', 'Apotek'),
('CUST55516', 'Company', 'APOTEK MAJA', 'CAB02', 'Kuningan', 'TA', 'Apotek'),
('CUST55517', 'Company', 'KLINIK GM', 'CAB03', 'Jakarta', 'TA', 'Klinik'),
('CUST55518', 'Company', 'APOTEK MERDEKA', 'CAB04', 'Bandung', 'TA', 'Apotek'),
('CUST55519', 'Company', 'KLINIK SAHABAT', 'CAB05', 'Tangerang', 'TD', 'Klinik'),
('CUST55520', 'Company', 'APOTEK SINAR JAYA', 'CAB06', 'Bekasi', 'TA', 'Apotek'),
('CUST55521', 'Company', 'APOTEK SAHABAT', 'CAB07', 'Padang', 'EPM', 'Apotek'),
('CUST55522', 'Company', 'APOTEK TAPAK', 'CAB01', 'Aceh', 'EPM', 'Apotek'),
('CUST55523', 'Company', 'APOTEK MAJA', 'CAB02', 'Kuningan', 'TA', 'Apotek'),
('CUST55524', 'Company', 'KLINIK GM', 'CAB03', 'Jakarta', 'TA', 'Klinik'),
('CUST55525', 'Company', 'APOTEK MERDEKA', 'CAB04', 'Bandung', 'TA', 'Apotek'),
('CUST55526', 'Company', 'KLINIK SAHABAT', 'CAB05', 'Tangerang', 'TD', 'Klinik'),
('CUST55527', 'Company', 'APOTEK SINAR JAYA', 'CAB06', 'Bekasi', 'TA', 'Apotek'),
('CUST55528', 'Company', 'APOTEK SAHABAT', 'CAB07', 'Padang', 'EPM', 'Apotek'),
('CUST55529', 'Company', 'KLINIK DR. ANDRI', 'CAB08', 'Lampung', 'TD', 'Klinik'),
('CUST55530', 'Company', 'APOTEK TAPAK', 'CAB01', 'Aceh', 'EPM', 'Apotek'),
('CUST55531', 'Company', 'APOTEK MAJA', 'CAB02', 'Kuningan', 'TA', 'Apotek'),
('CUST55532', 'Company', 'KLINIK GM', 'CAB03', 'Jakarta', 'TA', 'Klinik'),
('CUST55533', 'Company', 'APOTEK MERDEKA', 'CAB04', 'Bandung', 'TA', 'Apotek'),
('CUST55534', 'Company', 'KLINIK SAHABAT', 'CAB05', 'Tangerang', 'TD', 'Klinik'),
('CUST55535', 'Company', 'APOTEK SINAR JAYA', 'CAB06', 'Bekasi', 'TA', 'Apotek'),
('CUST55536', 'Company', 'APOTEK SAHABAT', 'CAB07', 'Padang', 'EPM', 'Apotek'),
('CUST55537', 'Company', 'APOTEK TAPAK', 'CAB01', 'Aceh', 'EPM', 'Apotek'),
('CUST55538', 'Company', 'APOTEK MAJA', 'CAB02', 'Kuningan', 'TA', 'Apotek'),
('CUST55539', 'Company', 'KLINIK GM', 'CAB03', 'Jakarta', 'TA', 'Klinik'),
('CUST55540', 'Company', 'APOTEK MERDEKA', 'CAB04', 'Bandung', 'TA', 'Apotek'),
('CUST55541', 'Company', 'KLINIK SAHABAT', 'CAB05', 'Tangerang', 'TD', 'Klinik'),
('CUST55542', 'Company', 'APOTEK SINAR JAYA', 'CAB06', 'Bekasi', 'TA', 'Apotek'),
('CUST55543', 'Company', 'APOTEK SAHABAT', 'CAB07', 'Padang', 'EPM', 'Apotek'),
('CUST55544', 'Company', 'KLINIK DR. ANDRI', 'CAB08', 'Lampung', 'TD', 'Klinik'),
('CUST55545', 'Company', 'APOTEK TAPAK', 'CAB01', 'Aceh', 'EPM', 'Apotek'),
('CUST55546', 'Company', 'APOTEK MAJA', 'CAB02', 'Kuningan', 'TA', 'Apotek'),
('CUST55547', 'Company', 'KLINIK GM', 'CAB03', 'Jakarta', 'TA', 'Klinik'),
('CUST55548', 'Company', 'APOTEK MERDEKA', 'CAB04', 'Bandung', 'TA', 'Apotek'),
('CUST55549', 'Company', 'KLINIK SAHABAT', 'CAB05', 'Tangerang', 'TD', 'Klinik'),
('CUST55550', 'Company', 'APOTEK SINAR JAYA', 'CAB06', 'Bekasi', 'TA', 'Apotek'),
('CUST55551', 'Company', 'APOTEK SAHABAT', 'CAB07', 'Padang', 'EPM', 'Apotek'),
('CUST55552', 'Company', 'APOTEK TAPAK', 'CAB01', 'Aceh', 'EPM', 'Apotek'),
('CUST55553', 'Company', 'APOTEK MAJA', 'CAB02', 'Kuningan', 'TA', 'Apotek'),
('CUST55554', 'Company', 'KLINIK GM', 'CAB03', 'Jakarta', 'TA', 'Klinik'),
('CUST55555', 'Company', 'APOTEK MERDEKA', 'CAB04', 'Bandung', 'TA', 'Apotek'),
('CUST55556', 'Company', 'KLINIK SAHABAT', 'CAB05', 'Tangerang', 'TD', 'Klinik'),
('CUST55557', 'Company', 'APOTEK SINAR JAYA', 'CAB06', 'Bekasi', 'TA', 'Apotek'),
('CUST55558', 'Company', 'APOTEK SAHABAT', 'CAB07', 'Padang', 'EPM', 'Apotek'),
('CUST55559', 'Company', 'KLINIK DR. ANDRI', 'CAB08', 'Lampung', 'TD', 'Klinik'),
('CUST55560', 'Company', 'APOTEK TAPAK', 'CAB01', 'Aceh', 'EPM', 'Apotek'),
('CUST55561', 'Company', 'APOTEK MAJA', 'CAB02', 'Kuningan', 'TA', 'Apotek'),
('CUST55562', 'Company', 'KLINIK GM', 'CAB03', 'Jakarta', 'TA', 'Klinik'),
('CUST55563', 'Company', 'APOTEK MERDEKA', 'CAB04', 'Bandung', 'TA', 'Apotek'),
('CUST55564', 'Company', 'KLINIK SAHABAT', 'CAB05', 'Tangerang', 'TD', 'Klinik'),
('CUST55565', 'Company', 'APOTEK SINAR JAYA', 'CAB06', 'Bekasi', 'TA', 'Apotek'),
('CUST55566', 'Company', 'APOTEK SAHABAT', 'CAB07', 'Padang', 'EPM', 'Apotek'),
('CUST55567', 'Company', 'APOTEK TAPAK', 'CAB01', 'Aceh', 'EPM', 'Apotek'),
('CUST55568', 'Company', 'APOTEK MAJA', 'CAB02', 'Kuningan', 'TA', 'Apotek'),
('CUST55569', 'Company', 'KLINIK GM', 'CAB03', 'Jakarta', 'TA', 'Klinik'),
('CUST55570', 'Company', 'APOTEK MERDEKA', 'CAB04', 'Bandung', 'TA', 'Apotek'),
('CUST55571', 'Company', 'KLINIK SAHABAT', 'CAB05', 'Tangerang', 'TD', 'Klinik'),
('CUST55572', 'Company', 'APOTEK SINAR JAYA', 'CAB06', 'Bekasi', 'TA', 'Apotek'),
('CUST55573', 'Company', 'APOTEK SAHABAT', 'CAB07', 'Padang', 'EPM', 'Apotek'),
('CUST55574', 'Company', 'KLINIK DR. ANDRI', 'CAB08', 'Lampung', 'TD', 'Klinik'),
('CUST55575', 'Company', 'APOTEK TAPAK', 'CAB01', 'Aceh', 'EPM', 'Apotek'),
('CUST55576', 'Company', 'APOTEK MAJA', 'CAB02', 'Kuningan', 'TA', 'Apotek'),
('CUST55577', 'Company', 'KLINIK GM', 'CAB03', 'Jakarta', 'TA', 'Klinik'),
('CUST55578', 'Company', 'APOTEK MERDEKA', 'CAB04', 'Bandung', 'TA', 'Apotek'),
('CUST55579', 'Company', 'KLINIK SAHABAT', 'CAB05', 'Tangerang', 'TD', 'Klinik'),
('CUST55580', 'Company', 'APOTEK SINAR JAYA', 'CAB06', 'Bekasi', 'TA', 'Apotek'),
('CUST55581', 'Company', 'APOTEK SAHABAT', 'CAB07', 'Padang', 'EPM', 'Apotek'),
('CUST55582', 'Company', 'APOTEK TAPAK', 'CAB01', 'Aceh', 'EPM', 'Apotek'),
('CUST55583', 'Company', 'APOTEK MAJA', 'CAB02', 'Kuningan', 'TA', 'Apotek'),
('CUST55584', 'Company', 'KLINIK GM', 'CAB03', 'Jakarta', 'TA', 'Klinik'),
('CUST55585', 'Company', 'APOTEK MERDEKA', 'CAB04', 'Bandung', 'TA', 'Apotek'),
('CUST55586', 'Company', 'KLINIK SAHABAT', 'CAB05', 'Tangerang', 'TD', 'Klinik'),
('CUST55587', 'Company', 'APOTEK SINAR JAYA', 'CAB06', 'Bekasi', 'TA', 'Apotek'),
('CUST55588', 'Company', 'APOTEK SAHABAT', 'CAB07', 'Padang', 'EPM', 'Apotek'),
('CUST55589', 'Company', 'KLINIK DR. ANDRI', 'CAB08', 'Lampung', 'TD', 'Klinik'),
('CUST55590', 'Company', 'APOTEK TAPAK', 'CAB01', 'Aceh', 'EPM', 'Apotek'),
('CUST55591', 'Company', 'APOTEK MAJA', 'CAB02', 'Kuningan', 'TA', 'Apotek'),
('CUST55592', 'Company', 'KLINIK GM', 'CAB03', 'Jakarta', 'TA', 'Klinik'),
('CUST55593', 'Company', 'APOTEK MERDEKA', 'CAB04', 'Bandung', 'TA', 'Apotek'),
('CUST55594', 'Company', 'KLINIK SAHABAT', 'CAB05', 'Tangerang', 'TD', 'Klinik'),
('CUST55595', 'Company', 'APOTEK SINAR JAYA', 'CAB06', 'Bekasi', 'TA', 'Apotek'),
('CUST55596', 'Company', 'APOTEK SAHABAT', 'CAB07', 'Padang', 'EPM', 'Apotek'),
('CUST55597', 'Company', 'APOTEK TAPAK', 'CAB01', 'Aceh', 'EPM', 'Apotek'),
('CUST55598', 'Company', 'APOTEK MAJA', 'CAB02', 'Kuningan', 'TA', 'Apotek'),
('CUST55599', 'Company', 'KLINIK GM', 'CAB03', 'Jakarta', 'TA', 'Klinik'),
('CUST55600', 'Company', 'APOTEK MERDEKA', 'CAB04', 'Bandung', 'TA', 'Apotek'),
('CUST55601', 'Company', 'KLINIK SAHABAT', 'CAB05', 'Tangerang', 'TD', 'Klinik'),
('CUST55602', 'Company', 'APOTEK SINAR JAYA', 'CAB06', 'Bekasi', 'TA', 'Apotek'),
('CUST55603', 'Company', 'APOTEK SAHABAT', 'CAB07', 'Padang', 'EPM', 'Apotek'),
('CUST55604', 'Company', 'KLINIK DR. ANDRI', 'CAB08', 'Lampung', 'TD', 'Klinik'),
('CUST55605', 'Company', 'APOTEK TAPAK', 'CAB01', 'Aceh', 'EPM', 'Apotek'),
('CUST55606', 'Company', 'APOTEK MAJA', 'CAB02', 'Kuningan', 'TA', 'Apotek'),
('CUST55607', 'Company', 'KLINIK GM', 'CAB03', 'Jakarta', 'TA', 'Klinik'),
('CUST55608', 'Company', 'APOTEK MERDEKA', 'CAB04', 'Bandung', 'TA', 'Apotek'),
('CUST55609', 'Company', 'KLINIK SAHABAT', 'CAB05', 'Tangerang', 'TD', 'Klinik'),
('CUST55610', 'Company', 'APOTEK SINAR JAYA', 'CAB06', 'Bekasi', 'TA', 'Apotek'),
('CUST55611', 'Company', 'APOTEK SAHABAT', 'CAB07', 'Padang', 'EPM', 'Apotek'),
('CUST55612', 'Company', 'APOTEK TAPAK', 'CAB01', 'Aceh', 'EPM', 'Apotek'),
('CUST55613', 'Company', 'APOTEK MAJA', 'CAB02', 'Kuningan', 'TA', 'Apotek'),
('CUST55614', 'Company', 'KLINIK GM', 'CAB03', 'Jakarta', 'TA', 'Klinik'),
('CUST55615', 'Company', 'APOTEK MERDEKA', 'CAB04', 'Bandung', 'TA', 'Apotek'),
('CUST55616', 'Company', 'KLINIK SAHABAT', 'CAB05', 'Tangerang', 'TD', 'Klinik'),
('CUST55617', 'Company', 'APOTEK SINAR JAYA', 'CAB06', 'Bekasi', 'TA', 'Apotek'),
('CUST55618', 'Company', 'APOTEK SAHABAT', 'CAB07', 'Padang', 'EPM', 'Apotek'),
('CUST55619', 'Company', 'KLINIK DR. ANDRI', 'CAB08', 'Lampung', 'TD', 'Klinik'),
('CUST55620', 'Company', 'APOTEK TAPAK', 'CAB01', 'Aceh', 'EPM', 'Apotek'),
('CUST55621', 'Company', 'APOTEK MAJA', 'CAB02', 'Kuningan', 'TA', 'Apotek'),
('CUST55622', 'Company', 'KLINIK GM', 'CAB03', 'Jakarta', 'TA', 'Klinik'),
('CUST55623', 'Company', 'APOTEK MERDEKA', 'CAB04', 'Bandung', 'TA', 'Apotek'),
('CUST55624', 'Company', 'KLINIK SAHABAT', 'CAB05', 'Tangerang', 'TD', 'Klinik'),
('CUST55625', 'Company', 'APOTEK SINAR JAYA', 'CAB06', 'Bekasi', 'TA', 'Apotek'),
('CUST55626', 'Company', 'APOTEK SAHABAT', 'CAB07', 'Padang', 'EPM', 'Apotek'),
('CUST55627', 'Company', 'APOTEK TAPAK', 'CAB01', 'Aceh', 'EPM', 'Apotek'),
('CUST55628', 'Company', 'APOTEK MAJA', 'CAB02', 'Kuningan', 'TA', 'Apotek'),
('CUST55629', 'Company', 'KLINIK GM', 'CAB03', 'Jakarta', 'TA', 'Klinik'),
('CUST55630', 'Company', 'APOTEK MERDEKA', 'CAB04', 'Bandung', 'TA', 'Apotek'),
('CUST55631', 'Company', 'KLINIK SAHABAT', 'CAB05', 'Tangerang', 'TD', 'Klinik'),
('CUST55632', 'Company', 'APOTEK SINAR JAYA', 'CAB06', 'Bekasi', 'TA', 'Apotek'),
('CUST55633', 'Company', 'APOTEK SAHABAT', 'CAB07', 'Padang', 'EPM', 'Apotek'),
('CUST55634', 'Company', 'KLINIK DR. ANDRI', 'CAB08', 'Lampung', 'TD', 'Klinik'),
('CUST55635', 'Company', 'APOTEK TAPAK', 'CAB01', 'Aceh', 'EPM', 'Apotek'),
('CUST55636', 'Company', 'APOTEK MAJA', 'CAB02', 'Kuningan', 'TA', 'Apotek'),
('CUST55637', 'Company', 'KLINIK GM', 'CAB03', 'Jakarta', 'TA', 'Klinik'),
('CUST55638', 'Company', 'APOTEK MERDEKA', 'CAB04', 'Bandung', 'TA', 'Apotek'),
('CUST55639', 'Company', 'KLINIK SAHABAT', 'CAB05', 'Tangerang', 'TD', 'Klinik'),
('CUST55640', 'Company', 'APOTEK SINAR JAYA', 'CAB06', 'Bekasi', 'TA', 'Apotek'),
('CUST55641', 'Company', 'APOTEK SAHABAT', 'CAB07', 'Padang', 'EPM', 'Apotek'),
('CUST55642', 'Company', 'APOTEK TAPAK', 'CAB01', 'Aceh', 'EPM', 'Apotek'),
('CUST55643', 'Company', 'APOTEK MAJA', 'CAB02', 'Kuningan', 'TA', 'Apotek'),
('CUST55644', 'Company', 'KLINIK GM', 'CAB03', 'Jakarta', 'TA', 'Klinik'),
('CUST55645', 'Company', 'APOTEK MERDEKA', 'CAB04', 'Bandung', 'TA', 'Apotek'),
('CUST55646', 'Company', 'KLINIK SAHABAT', 'CAB05', 'Tangerang', 'TD', 'Klinik'),
('CUST55647', 'Company', 'APOTEK SINAR JAYA', 'CAB06', 'Bekasi', 'TA', 'Apotek'),
('CUST55648', 'Company', 'APOTEK SAHABAT', 'CAB07', 'Padang', 'EPM', 'Apotek'),
('CUST55649', 'Company', 'KLINIK DR. ANDRI', 'CAB08', 'Lampung', 'TD', 'Klinik'),
('CUST55650', 'Company', 'APOTEK TAPAK', 'CAB01', 'Aceh', 'EPM', 'Apotek'),
('CUST55651', 'Company', 'APOTEK MAJA', 'CAB02', 'Kuningan', 'TA', 'Apotek'),
('CUST55652', 'Company', 'KLINIK GM', 'CAB03', 'Jakarta', 'TA', 'Klinik'),
('CUST55653', 'Company', 'APOTEK MERDEKA', 'CAB04', 'Bandung', 'TA', 'Apotek'),
('CUST55654', 'Company', 'KLINIK SAHABAT', 'CAB05', 'Tangerang', 'TD', 'Klinik'),
('CUST55655', 'Company', 'APOTEK SINAR JAYA', 'CAB06', 'Bekasi', 'TA', 'Apotek'),
('CUST55656', 'Company', 'APOTEK SAHABAT', 'CAB07', 'Padang', 'EPM', 'Apotek'),
('CUST55657', 'Company', 'APOTEK TAPAK', 'CAB01', 'Aceh', 'EPM', 'Apotek'),
('CUST55658', 'Company', 'APOTEK MAJA', 'CAB02', 'Kuningan', 'TA', 'Apotek'),
('CUST55659', 'Company', 'KLINIK GM', 'CAB03', 'Jakarta', 'TA', 'Klinik'),
('CUST55660', 'Company', 'APOTEK MERDEKA', 'CAB04', 'Bandung', 'TA', 'Apotek'),
('CUST55661', 'Company', 'KLINIK SAHABAT', 'CAB05', 'Tangerang', 'TD', 'Klinik'),
('CUST55662', 'Company', 'APOTEK SINAR JAYA', 'CAB06', 'Bekasi', 'TA', 'Apotek'),
('CUST55663', 'Company', 'APOTEK SAHABAT', 'CAB07', 'Padang', 'EPM', 'Apotek'),
('CUST55664', 'Company', 'KLINIK DR. ANDRI', 'CAB08', 'Lampung', 'TD', 'Klinik'),
('CUST55665', 'Company', 'APOTEK TAPAK', 'CAB01', 'Aceh', 'EPM', 'Apotek'),
('CUST55666', 'Company', 'APOTEK MAJA', 'CAB02', 'Kuningan', 'TA', 'Apotek'),
('CUST55667', 'Company', 'KLINIK GM', 'CAB03', 'Jakarta', 'TA', 'Klinik'),
('CUST55668', 'Company', 'APOTEK MERDEKA', 'CAB04', 'Bandung', 'TA', 'Apotek'),
('CUST55669', 'Company', 'KLINIK SAHABAT', 'CAB05', 'Tangerang', 'TD', 'Klinik'),
('CUST55670', 'Company', 'APOTEK SINAR JAYA', 'CAB06', 'Bekasi', 'TA', 'Apotek'),
('CUST55671', 'Company', 'APOTEK SAHABAT', 'CAB07', 'Padang', 'EPM', 'Apotek'),
('CUST55672', 'Company', 'APOTEK TAPAK', 'CAB01', 'Aceh', 'EPM', 'Apotek'),
('CUST55673', 'Company', 'APOTEK MAJA', 'CAB02', 'Kuningan', 'TA', 'Apotek'),
('CUST55674', 'Company', 'KLINIK GM', 'CAB03', 'Jakarta', 'TA', 'Klinik'),
('CUST55675', 'Company', 'APOTEK MERDEKA', 'CAB04', 'Bandung', 'TA', 'Apotek'),
('CUST55676', 'Company', 'KLINIK SAHABAT', 'CAB05', 'Tangerang', 'TD', 'Klinik'),
('CUST55677', 'Company', 'APOTEK SINAR JAYA', 'CAB06', 'Bekasi', 'TA', 'Apotek'),
('CUST55678', 'Company', 'APOTEK SAHABAT', 'CAB07', 'Padang', 'EPM', 'Apotek'),
('CUST55679', 'Company', 'KLINIK DR. ANDRI', 'CAB08', 'Lampung', 'TD', 'Klinik'),
('CUST55680', 'Company', 'APOTEK TAPAK', 'CAB01', 'Aceh', 'EPM', 'Apotek'),
('CUST55681', 'Company', 'APOTEK MAJA', 'CAB02', 'Kuningan', 'TA', 'Apotek'),
('CUST55682', 'Company', 'KLINIK GM', 'CAB03', 'Jakarta', 'TA', 'Klinik'),
('CUST55683', 'Company', 'APOTEK MERDEKA', 'CAB04', 'Bandung', 'TA', 'Apotek'),
('CUST55684', 'Company', 'KLINIK SAHABAT', 'CAB05', 'Tangerang', 'TD', 'Klinik'),
('CUST55685', 'Company', 'APOTEK SINAR JAYA', 'CAB06', 'Bekasi', 'TA', 'Apotek'),
('CUST55686', 'Company', 'APOTEK SAHABAT', 'CAB07', 'Padang', 'EPM', 'Apotek'),
('CUST55687', 'Company', 'APOTEK TAPAK', 'CAB01', 'Aceh', 'EPM', 'Apotek'),
('CUST55688', 'Company', 'APOTEK MAJA', 'CAB02', 'Kuningan', 'TA', 'Apotek'),
('CUST55689', 'Company', 'KLINIK GM', 'CAB03', 'Jakarta', 'TA', 'Klinik'),
('CUST55690', 'Company', 'APOTEK MERDEKA', 'CAB04', 'Bandung', 'TA', 'Apotek'),
('CUST55691', 'Company', 'KLINIK SAHABAT', 'CAB05', 'Tangerang', 'TD', 'Klinik'),
('CUST55692', 'Company', 'APOTEK SINAR JAYA', 'CAB06', 'Bekasi', 'TA', 'Apotek'),
('CUST55693', 'Company', 'APOTEK SAHABAT', 'CAB07', 'Padang', 'EPM', 'Apotek'),
('CUST55694', 'Company', 'KLINIK DR. ANDRI', 'CAB08', 'Lampung', 'TD', 'Klinik'),
('CUST55695', 'Company', 'APOTEK TAPAK', 'CAB01', 'Aceh', 'EPM', 'Apotek'),
('CUST55696', 'Company', 'APOTEK MAJA', 'CAB02', 'Kuningan', 'TA', 'Apotek'),
('CUST55697', 'Company', 'KLINIK GM', 'CAB03', 'Jakarta', 'TA', 'Klinik'),
('CUST55698', 'Company', 'APOTEK MERDEKA', 'CAB04', 'Bandung', 'TA', 'Apotek'),
('CUST55699', 'Company', 'KLINIK SAHABAT', 'CAB05', 'Tangerang', 'TD', 'Klinik'),
('CUST55700', 'Company', 'APOTEK SINAR JAYA', 'CAB06', 'Bekasi', 'TA', 'Apotek'),
('CUST55701', 'Company', 'APOTEK SAHABAT', 'CAB07', 'Padang', 'EPM', 'Apotek'),
('CUST55702', 'Company', 'APOTEK TAPAK', 'CAB01', 'Aceh', 'EPM', 'Apotek'),
('CUST55703', 'Company', 'APOTEK MAJA', 'CAB02', 'Kuningan', 'TA', 'Apotek'),
('CUST55704', 'Company', 'KLINIK GM', 'CAB03', 'Jakarta', 'TA', 'Klinik'),
('CUST55705', 'Company', 'APOTEK MERDEKA', 'CAB04', 'Bandung', 'TA', 'Apotek'),
('CUST55706', 'Company', 'KLINIK SAHABAT', 'CAB05', 'Tangerang', 'TD', 'Klinik'),
('CUST55707', 'Company', 'APOTEK SINAR JAYA', 'CAB06', 'Bekasi', 'TA', 'Apotek'),
('CUST55708', 'Company', 'APOTEK SAHABAT', 'CAB07', 'Padang', 'EPM', 'Apotek'),
('CUST55709', 'Company', 'KLINIK DR. ANDRI', 'CAB08', 'Lampung', 'TD', 'Klinik'),
('CUST55710', 'Company', 'APOTEK TAPAK', 'CAB01', 'Aceh', 'EPM', 'Apotek'),
('CUST55711', 'Company', 'APOTEK MAJA', 'CAB02', 'Kuningan', 'TA', 'Apotek'),
('CUST55712', 'Company', 'KLINIK GM', 'CAB03', 'Jakarta', 'TA', 'Klinik'),
('CUST55713', 'Company', 'APOTEK MERDEKA', 'CAB04', 'Bandung', 'TA', 'Apotek'),
('CUST55714', 'Company', 'KLINIK SAHABAT', 'CAB05', 'Tangerang', 'TD', 'Klinik'),
('CUST55715', 'Company', 'APOTEK SINAR JAYA', 'CAB06', 'Bekasi', 'TA', 'Apotek'),
('CUST55716', 'Company', 'APOTEK SAHABAT', 'CAB07', 'Padang', 'EPM', 'Apotek'),
('CUST55717', 'Company', 'APOTEK TAPAK', 'CAB01', 'Aceh', 'EPM', 'Apotek'),
('CUST55718', 'Company', 'APOTEK MAJA', 'CAB02', 'Kuningan', 'TA', 'Apotek'),
('CUST55719', 'Company', 'KLINIK GM', 'CAB03', 'Jakarta', 'TA', 'Klinik'),
('CUST55720', 'Company', 'APOTEK MERDEKA', 'CAB04', 'Bandung', 'TA', 'Apotek'),
('CUST55721', 'Company', 'KLINIK SAHABAT', 'CAB05', 'Tangerang', 'TD', 'Klinik'),
('CUST55722', 'Company', 'APOTEK SINAR JAYA', 'CAB06', 'Bekasi', 'TA', 'Apotek'),
('CUST55723', 'Company', 'APOTEK SAHABAT', 'CAB07', 'Padang', 'EPM', 'Apotek'),
('CUST55724', 'Company', 'KLINIK DR. ANDRI', 'CAB08', 'Lampung', 'TD', 'Klinik'),
('CUST55725', 'Company', 'APOTEK TAPAK', 'CAB01', 'Aceh', 'EPM', 'Apotek'),
('CUST55726', 'Company', 'APOTEK MAJA', 'CAB02', 'Kuningan', 'TA', 'Apotek'),
('CUST55727', 'Company', 'KLINIK GM', 'CAB03', 'Jakarta', 'TA', 'Klinik'),
('CUST55728', 'Company', 'APOTEK MERDEKA', 'CAB04', 'Bandung', 'TA', 'Apotek'),
('CUST55729', 'Company', 'KLINIK SAHABAT', 'CAB05', 'Tangerang', 'TD', 'Klinik');

-- penjualan1
INSERT INTO penjualan1 VALUES
('TD', 'CAB09', 'IN5978', '2022-05-25', 'CUST55670', 'BRG0001', 9.0, 'DUS', 1169.91, 'BRND001', 'OGB & PH'),
('TA', 'CAB01', 'IN5979', '2022-03-28', 'CUST55598', 'BRG0009', 18.0, 'DUS', 5780.7, 'BRND009', 'VNS'),
('TA', 'CAB01', 'IN5980', '2022-01-23', 'CUST55432', 'BRG0003', 20.0, 'DUS', 10690.6, 'BRND003', 'MARCKS'),
('EPM', 'CAB07', 'IN5981', '2022-01-28', 'CUST55443', 'BRG0004', 76.0, 'DUS', 8700.7, 'BRND004', 'VNS'),
('TD', 'CAB09', 'IN5982', '2022-01-30', 'CUST55535', 'BRG0006', 5.0, 'DUS', 2819.2, 'BRND006', 'OGB & PH'),
('EPM', 'CAB06', 'IN5983', '2022-04-21', 'CUST55622', 'BRG0003', 67.0, 'DUS', 10690.6, 'BRND003', 'MARCKS'),
('TD', 'CAB08', 'IN5984', '2022-05-01', 'CUST55714', 'BRG0005', 8.0, 'DUS', 5648.3, 'BRND005', 'SLCYL'),
('TD', 'CAB09', 'IN5985', '2022-04-18', 'CUST55640', 'BRG0001', 22.0, 'DUS', 1169.91, 'BRND001', 'OGB & PH'),
('TA', 'CAB01', 'IN5986', '2022-02-15', 'CUST55557', 'BRG0002', 9.0, 'DUS', 3991.9, 'BRND008', 'MARCKS'),
('EPM', 'CAB02', 'IN5987', '2022-04-19', 'CUST55659', 'BRG0010', 14.0, 'DUS', 6940.3, 'BRND010', 'SLCYL'),
('EPM', 'CAB10', 'IN5988', '2022-02-09', 'CUST55551', 'BRG0002', 10.0, 'DUS', 2337.5, 'BRND002', 'ETIKAL'),
('TA', 'CAB02', 'IN5989', '2022-05-01', 'CUST55719', 'BRG0010', 67.0, 'DUS', 6940.3, 'BRND010', 'SLCYL'),
('TA', 'CAB01', 'IN5990', '2022-05-03', 'CUST55706', 'BRG0001', 10.0, 'DUS', 4592.1, 'BRND007', 'ETIKAL'),
('TD', 'CAB08', 'IN5991', '2022-01-23', 'CUST55414', 'BRG0005', 24.0, 'DUS', 5648.3, 'BRND005', 'SLCYL'),
('EPM', 'CAB01', 'IN5992', '2022-06-16', 'CUST55707', 'BRG0002', 23.0, 'DUS', 3991.9, 'BRND008', 'MARCKS'),
('TD', 'CAB10', 'IN5993', '2022-05-26', 'CUST55671', 'BRG0002', 1.0, 'DUS', 2337.5, 'BRND002', 'ETIKAL'),
('TD', 'CAB05', 'IN5994', '2022-02-01', 'CUST55411', 'BRG0002', 12.0, 'DUS', 2337.5, 'BRND002', 'ETIKAL'),
('TD', 'CAB06', 'IN5995', '2022-04-06', 'CUST55607', 'BRG0008', 14.0, 'DUS', 3991.9, 'BRND008', 'MARCKS'),
('EPM', 'CAB10', 'IN5996', '2022-05-25', 'CUST55656', 'BRG0007', 22.0, 'DUS', 4592.1, 'BRND007', 'ETIKAL'),
('TD', 'CAB01', 'IN5997', '2022-01-20', 'CUST55380', 'BRG0001', 1.0, 'DUS', 1169.91, 'BRND001', 'OGB & PH'),
('TD', 'CAB09', 'IN5998', '2022-04-09', 'CUST55610', 'BRG0001', 23.0, 'DUS', 1169.91, 'BRND001', 'OGB & PH'),
('EPM', 'CAB01', 'IN5999', '2022-05-01', 'CUST55632', 'BRG0003', 5.0, 'DUS', 10690.6, 'BRND003', 'MARCKS'),
('EPM', 'CAB01', 'IN6000', '2022-06-16', 'CUST55717', 'BRG0008', 7.0, 'DUS', 3991.9, 'BRND008', 'MARCKS'),
('TD', 'CAB02', 'IN6001', '2022-04-02', 'CUST55603', 'BRG0004', 21.0, 'DUS', 8700.7, 'BRND004', 'VNS'),
('TD', 'CAB05', 'IN6002', '2022-02-04', 'CUST55546', 'BRG0007', 14.0, 'DUS', 4592.1, 'BRND007', 'ETIKAL'),
('TD', 'CAB03', 'IN6003', '2022-01-27', 'CUST55424', 'BRG0005', 9.0, 'DUS', 5648.3, 'BRND005', 'SLCYL'),
('TA', 'CAB08', 'IN6004', '2022-05-01', 'CUST55729', 'BRG0010', 5.0, 'DUS', 6940.3, 'BRND010', 'SLCYL'),
('EPM', 'CAB01', 'IN6005', '2022-02-01', 'CUST55447', 'BRG0008', 12.0, 'DUS', 3991.9, 'BRND008', 'MARCKS'),
('TA', 'CAB02', 'IN6006', '2022-02-12', 'CUST55554', 'BRG0005', 5.0, 'DUS', 5648.3, 'BRND005', 'SLCYL'),
('TD', 'CAB09', 'IN6007', '2022-05-02', 'CUST55715', 'BRG0006', 9.0, 'DUS', 2819.2, 'BRND006', 'OGB & PH'),
('TA', 'CAB03', 'IN6008', '2022-01-30', 'CUST55469', 'BRG0004', 12.0, 'DUS', 6940.3, 'BRND010', 'SLCYL'),
('TD', 'CAB06', 'IN6009', '2022-04-28', 'CUST55637', 'BRG0008', 76.0, 'DUS', 3991.9, 'BRND008', 'MARCKS'),
('EPM', 'CAB01', 'IN6010', '2022-05-31', 'CUST55676', 'BRG0001', 5.0, 'DUS', 4592.1, 'BRND007', 'ETIKAL'),
('TA', 'CAB01', 'IN6011', '2022-02-25', 'CUST55567', 'BRG0008', 10.0, 'DUS', 3991.9, 'BRND008', 'MARCKS'),
('TA', 'CAB06', 'IN6012', '2022-06-16', 'CUST55712', 'BRG0003', 5.0, 'DUS', 10690.6, 'BRND003', 'MARCKS'),
('TD', 'CAB01', 'IN6013', '2022-01-28', 'CUST55407', 'BRG0002', 25.0, 'DUS', 3991.9, 'BRND008', 'MARCKS'),
('TA', 'CAB05', 'IN6014', '2022-03-21', 'CUST55591', 'BRG0002', 34.0, 'DUS', 2337.5, 'BRND002', 'ETIKAL'),
('TD', 'CAB01', 'IN6015', '2022-01-31', 'CUST55482', 'BRG0003', 5.0, 'DUS', 10690.6, 'BRND003', 'MARCKS'),
('TD', 'CAB08', 'IN6016', '2022-03-09', 'CUST55579', 'BRG0010', 5.0, 'DUS', 6940.3, 'BRND010', 'SLCYL'),
('TA', 'CAB02', 'IN6017', '2022-02-01', 'CUST55513', 'BRG0004', 23.0, 'DUS', 8700.7, 'BRND004', 'VNS'),
('EPM', 'CAB01', 'IN6018', '2022-04-01', 'CUST55602', 'BRG0003', 14.0, 'DUS', 10690.6, 'BRND003', 'MARCKS'),
('EPM', 'CAB02', 'IN6019', '2022-04-20', 'CUST55663', 'BRG0004', 12.0, 'DUS', 8700.7, 'BRND004', 'VNS'),
('TA', 'CAB10', 'IN6020', '2022-03-11', 'CUST55581', 'BRG0002', 1.0, 'DUS', 2337.5, 'BRND002', 'ETIKAL'),
('TD', 'CAB04', 'IN6021', '2022-04-19', 'CUST55620', 'BRG0001', 7.0, 'DUS', 1169.91, 'BRND001', 'OGB & PH'),
('TD', 'CAB08', 'IN6022', '2022-05-23', 'CUST55654', 'BRG0005', 9.0, 'DUS', 5648.3, 'BRND005', 'SLCYL'),
('EPM', 'CAB08', 'IN6023', '2022-02-01', 'CUST55399', 'BRG0010', 15.0, 'DUS', 6940.3, 'BRND010', 'SLCYL'),
('TD', 'CAB03', 'IN6024', '2022-01-27', 'CUST55394', 'BRG0005', 12.0, 'DUS', 5648.3, 'BRND005', 'SLCYL'),
('TA', 'CAB01', 'IN6025', '2022-01-30', 'CUST55523', 'BRG0004', 7.0, 'DUS', 8700.7, 'BRND004', 'VNS'),
('EPM', 'CAB02', 'IN6026', '2022-02-16', 'CUST55558', 'BRG0003', 21.0, 'DUS', 5780.7, 'BRND009', 'VNS'),
('EPM', 'CAB01', 'IN6027', '2022-04-11', 'CUST55612', 'BRG0003', 10.0, 'DUS', 10690.6, 'BRND003', 'MARCKS'),
('EPM', 'CAB03', 'IN6028', '2022-01-23', 'CUST55420', 'BRG0001', 98.0, 'DUS', 1169.91, 'BRND001', 'OGB & PH'),
('EPM', 'CAB09', 'IN6029', '2022-01-28', 'CUST55389', 'BRG0010', 4.0, 'DUS', 6940.3, 'BRND010', 'SLCYL'),
('TA', 'CAB03', 'IN6030', '2022-05-01', 'CUST55709', 'BRG0004', 10.0, 'DUS', 6940.3, 'BRND010', 'SLCYL'),
('TD', 'CAB01', 'IN6031', '2022-04-15', 'CUST55616', 'BRG0001', 4.0, 'DUS', 4592.1, 'BRND007', 'ETIKAL'),
('TA', 'CAB03', 'IN6032', '2022-06-03', 'CUST55679', 'BRG0004', 23.0, 'DUS', 6940.3, 'BRND010', 'SLCYL'),
('TD', 'CAB01', 'IN6033', '2022-06-12', 'CUST55688', 'BRG0009', 34.0, 'DUS', 5780.7, 'BRND009', 'VNS'),
('TD', 'CAB06', 'IN6034', '2022-02-20', 'CUST55562', 'BRG0003', 14.0, 'DUS', 10690.6, 'BRND003', 'MARCKS'),
('EPM', 'CAB10', 'IN6035', '2022-04-25', 'CUST55626', 'BRG0007', 20.0, 'DUS', 4592.1, 'BRND007', 'ETIKAL'),
('TA', 'CAB08', 'IN6036', '2022-01-27', 'CUST55388', 'BRG0009', 23.0, 'DUS', 5780.7, 'BRND009', 'VNS'),
('TD', 'CAB01', 'IN6037', '2022-05-03', 'CUST55721', 'BRG0002', 45.0, 'DUS', 2337.5, 'BRND002', 'ETIKAL'),
('TA', 'CAB06', 'IN6038', '2022-01-30', 'CUST55517', 'BRG0008', 98.0, 'DUS', 3991.9, 'BRND008', 'MARCKS'),
('EPM', 'CAB03', 'IN6039', '2022-01-23', 'CUST55480', 'BRG0001', 13.0, 'DUS', 1169.91, 'BRND001', 'OGB & PH'),
('EPM', 'CAB04', 'IN6040', '2022-01-31', 'CUST55470', 'BRG0001', 10.0, 'DUS', 1169.91, 'BRND001', 'OGB & PH'),
('TD', 'CAB03', 'IN6041', '2022-02-28', 'CUST55570', 'BRG0001', 5.0, 'DUS', 1169.91, 'BRND001', 'OGB & PH'),
('TD', 'CAB07', 'IN6042', '2022-01-31', 'CUST55428', 'BRG0009', 67.0, 'DUS', 5780.7, 'BRND009', 'VNS'),
('TD', 'CAB09', 'IN6043', '2022-03-10', 'CUST55580', 'BRG0001', 9.0, 'DUS', 1169.91, 'BRND001', 'OGB & PH'),
('TD', 'CAB03', 'IN6044', '2022-05-01', 'CUST55694', 'BRG0005', 18.0, 'DUS', 5648.3, 'BRND005', 'SLCYL'),
('TA', 'CAB10', 'IN6045', '2022-01-31', 'CUST55506', 'BRG0007', 21.0, 'DUS', 4592.1, 'BRND007', 'ETIKAL'),
('TD', 'CAB01', 'IN6046', '2022-06-15', 'CUST55691', 'BRG0002', 12.0, 'DUS', 2337.5, 'BRND002', 'ETIKAL'),
('TA', 'CAB04', 'IN6047', '2022-04-26', 'CUST55635', 'BRG0006', 12.0, 'DUS', 2819.2, 'BRND006', 'OGB & PH'),
('EPM', 'CAB02', 'IN6048', '2022-01-31', 'CUST55464', 'BRG0005', 25.0, 'DUS', 5648.3, 'BRND005', 'SLCYL'),
('TA', 'CAB02', 'IN6049', '2022-01-28', 'CUST55479', 'BRG0010', 9.0, 'DUS', 6940.3, 'BRND010', 'SLCYL'),
('TD', 'CAB02', 'IN6050', '2022-01-31', 'CUST55434', 'BRG0005', 34.0, 'DUS', 5648.3, 'BRND005', 'SLCYL'),
('TD', 'CAB07', 'IN6051', '2022-03-23', 'CUST55593', 'BRG0004', 15.0, 'DUS', 8700.7, 'BRND004', 'VNS'),
('TA', 'CAB05', 'IN6052', '2022-01-23', 'CUST55385', 'BRG0006', 5.0, 'DUS', 2819.2, 'BRND006', 'OGB & PH'),
('EPM', 'CAB01', 'IN6053', '2022-01-28', 'CUST55437', 'BRG0002', 44.0, 'DUS', 3991.9, 'BRND008', 'MARCKS'),
('TD', 'CAB03', 'IN6054', '2022-02-01', 'CUST55435', 'BRG0006', 34.0, 'DUS', 2819.2, 'BRND006', 'OGB & PH'),
('TD', 'CAB01', 'IN6055', '2022-03-13', 'CUST55583', 'BRG0004', 4.0, 'DUS', 8700.7, 'BRND004', 'VNS'),
('TA', 'CAB05', 'IN6056', '2022-04-20', 'CUST55621', 'BRG0002', 100.0, 'DUS', 2337.5, 'BRND002', 'ETIKAL'),
('TA', 'CAB02', 'IN6057', '2022-05-17', 'CUST55648', 'BRG0003', 10.0, 'DUS', 5780.7, 'BRND009', 'VNS'),
('TD', 'CAB06', 'IN6058', '2022-01-27', 'CUST55532', 'BRG0003', 34.0, 'DUS', 10690.6, 'BRND003', 'MARCKS'),
('EPM', 'CAB07', 'IN6059', '2022-06-07', 'CUST55683', 'BRG0004', 11.0, 'DUS', 8700.7, 'BRND004', 'VNS'),
('TD', 'CAB02', 'IN6060', '2022-02-01', 'CUST55543', 'BRG0004', 22.0, 'DUS', 8700.7, 'BRND004', 'VNS'),
('TD', 'CAB10', 'IN6061', '2022-02-24', 'CUST55566', 'BRG0007', 12.0, 'DUS', 4592.1, 'BRND007', 'ETIKAL'),
('TA', 'CAB09', 'IN6062', '2022-01-27', 'CUST55490', 'BRG0001', 12.0, 'DUS', 1169.91, 'BRND001', 'OGB & PH'),
('TD', 'CAB01', 'IN6063', '2022-02-01', 'CUST55417', 'BRG0008', 12.0, 'DUS', 3991.9, 'BRND008', 'MARCKS'),
('TD', 'CAB04', 'IN6064', '2022-01-28', 'CUST55515', 'BRG0006', 10.0, 'DUS', 2819.2, 'BRND006', 'OGB & PH'),
('EPM', 'CAB08', 'IN6065', '2022-01-23', 'CUST55474', 'BRG0005', 4.0, 'DUS', 5648.3, 'BRND005', 'SLCYL'),
('EPM', 'CAB01', 'IN6066', '2022-01-27', 'CUST55538', 'BRG0009', 12.0, 'DUS', 5780.7, 'BRND009', 'VNS'),
('TD', 'CAB02', 'IN6067', '2022-05-01', 'CUST55704', 'BRG0005', 14.0, 'DUS', 5648.3, 'BRND005', 'SLCYL'),
('TD', 'CAB10', 'IN6068', '2022-01-31', 'CUST55536', 'BRG0007', 6.0, 'DUS', 4592.1, 'BRND007', 'ETIKAL'),
('TA', 'CAB01', 'IN6069', '2022-03-01', 'CUST55571', 'BRG0002', 4.0, 'DUS', 2337.5, 'BRND002', 'ETIKAL'),
('TD', 'CAB04', 'IN6070', '2022-01-28', 'CUST55485', 'BRG0006', 23.0, 'DUS', 2819.2, 'BRND006', 'OGB & PH'),
('EPM', 'CAB05', 'IN6071', '2022-04-27', 'CUST55636', 'BRG0007', 95.0, 'DUS', 4592.1, 'BRND007', 'ETIKAL'),
('EPM', 'CAB01', 'IN6072', '2022-02-01', 'CUST55477', 'BRG0008', 1.0, 'DUS', 3991.9, 'BRND008', 'MARCKS'),
('TA', 'CAB01', 'IN6073', '2022-04-27', 'CUST55628', 'BRG0009', 34.0, 'DUS', 5780.7, 'BRND009', 'VNS'),
('TD', 'CAB06', 'IN6074', '2022-01-27', 'CUST55472', 'BRG0003', 98.0, 'DUS', 10690.6, 'BRND003', 'MARCKS'),
('TA', 'CAB07', 'IN6075', '2022-04-16', 'CUST55638', 'BRG0009', 48.0, 'DUS', 5780.7, 'BRND009', 'VNS'),
('TA', 'CAB08', 'IN6076', '2022-03-24', 'CUST55594', 'BRG0005', 12.0, 'DUS', 5648.3, 'BRND005', 'SLCYL'),
('TD', 'CAB01', 'IN6077', '2022-05-16', 'CUST55647', 'BRG0002', 12.0, 'DUS', 3991.9, 'BRND008', 'MARCKS'),
('TD', 'CAB03', 'IN6078', '2022-03-30', 'CUST55600', 'BRG0001', 12.0, 'DUS', 1169.91, 'BRND001', 'OGB & PH'),
('EPM', 'CAB02', 'IN6079', '2022-01-31', 'CUST55494', 'BRG0005', 34.0, 'DUS', 5648.3, 'BRND005', 'SLCYL'),
('TD', 'CAB10', 'IN6080', '2022-03-26', 'CUST55596', 'BRG0007', 14.0, 'DUS', 4592.1, 'BRND007', 'ETIKAL'),
('TD', 'CAB03', 'IN6081', '2022-03-19', 'CUST55589', 'BRG0004', 25.0, 'DUS', 6940.3, 'BRND010', 'SLCYL'),
('TD', 'CAB01', 'IN6082', '2022-04-16', 'CUST55617', 'BRG0002', 8.0, 'DUS', 3991.9, 'BRND008', 'MARCKS'),
('EPM', 'CAB06', 'IN6083', '2022-01-30', 'CUST55487', 'BRG0008', 2.0, 'DUS', 3991.9, 'BRND008', 'MARCKS'),
('TD', 'CAB05', 'IN6084', '2022-02-01', 'CUST55471', 'BRG0002', 67.0, 'DUS', 2337.5, 'BRND002', 'ETIKAL'),
('TA', 'CAB01', 'IN6085', '2022-03-31', 'CUST55601', 'BRG0002', 25.0, 'DUS', 2337.5, 'BRND002', 'ETIKAL'),
('TD', 'CAB02', 'IN6086', '2022-01-23', 'CUST55408', 'BRG0003', 14.0, 'DUS', 5780.7, 'BRND009', 'VNS'),
('TA', 'CAB04', 'IN6087', '2022-02-18', 'CUST55560', 'BRG0001', 12.0, 'DUS', 1169.91, 'BRND001', 'OGB & PH'),
('EPM', 'CAB07', 'IN6088', '2022-02-06', 'CUST55548', 'BRG0009', 10.0, 'DUS', 5780.7, 'BRND009', 'VNS'),
('EPM', 'CAB06', 'IN6089', '2022-01-25', 'CUST55386', 'BRG0007', 9.0, 'DUS', 4592.1, 'BRND007', 'ETIKAL'),
('TA', 'CAB09', 'IN6090', '2022-05-24', 'CUST55655', 'BRG0006', 21.0, 'DUS', 2819.2, 'BRND006', 'OGB & PH'),
('TD', 'CAB01', 'IN6091', '2022-06-11', 'CUST55687', 'BRG0008', 14.0, 'DUS', 3991.9, 'BRND008', 'MARCKS'),
('TA', 'CAB02', 'IN6092', '2022-03-14', 'CUST55584', 'BRG0005', 2.0, 'DUS', 5648.3, 'BRND005', 'SLCYL'),
('TD', 'CAB02', 'IN6093', '2022-05-29', 'CUST55674', 'BRG0005', 13.0, 'DUS', 5648.3, 'BRND005', 'SLCYL'),
('EPM', 'CAB04', 'IN6094', '2022-05-02', 'CUST55710', 'BRG0001', 67.0, 'DUS', 1169.91, 'BRND001', 'OGB & PH'),
('TD', 'CAB01', 'IN6095', '2022-01-27', 'CUST55478', 'BRG0009', 5.0, 'DUS', 5780.7, 'BRND009', 'VNS'),
('EPM', 'CAB05', 'IN6096', '2022-02-19', 'CUST55561', 'BRG0002', 25.0, 'DUS', 2337.5, 'BRND002', 'ETIKAL'),
('TD', 'CAB01', 'IN6097', '2022-04-30', 'CUST55718', 'BRG0009', 100.0, 'DUS', 5780.7, 'BRND009', 'VNS'),
('EPM', 'CAB02', 'IN6098', '2022-03-29', 'CUST55599', 'BRG0010', 19.0, 'DUS', 6940.3, 'BRND010', 'SLCYL'),
('EPM', 'CAB06', 'IN6099', '2022-01-30', 'CUST55457', 'BRG0008', 5.0, 'DUS', 3991.9, 'BRND008', 'MARCKS'),
('TD', 'CAB01', 'IN6100', '2022-06-01', 'CUST55677', 'BRG0002', 9.0, 'DUS', 3991.9, 'BRND008', 'MARCKS'),
('EPM', 'CAB02', 'IN6101', '2022-04-30', 'CUST55723', 'BRG0004', 20.0, 'DUS', 8700.7, 'BRND004', 'VNS'),
('TA', 'CAB01', 'IN6102', '2022-01-31', 'CUST55392', 'BRG0003', 11.0, 'DUS', 10690.6, 'BRND003', 'MARCKS'),
('TA', 'CAB01', 'IN6103', '2022-01-27', 'CUST55496', 'BRG0001', 15.0, 'DUS', 4592.1, 'BRND007', 'ETIKAL'),
('EPM', 'CAB01', 'IN6104', '2022-01-30', 'CUST55433', 'BRG0004', 45.0, 'DUS', 8700.7, 'BRND004', 'VNS'),
('EPM', 'CAB09', 'IN6105', '2022-05-02', 'CUST55700', 'BRG0001', 21.0, 'DUS', 1169.91, 'BRND001', 'OGB & PH'),
('EPM', 'CAB07', 'IN6106', '2022-04-30', 'CUST55713', 'BRG0004', 4.0, 'DUS', 8700.7, 'BRND004', 'VNS'),
('EPM', 'CAB01', 'IN6107', '2022-01-30', 'CUST55511', 'BRG0002', 24.0, 'DUS', 2337.5, 'BRND002', 'ETIKAL'),
('TA', 'CAB03', 'IN6108', '2022-01-30', 'CUST55409', 'BRG0004', 21.0, 'DUS', 6940.3, 'BRND010', 'SLCYL'),
('TA', 'CAB01', 'IN6109', '2022-06-16', 'CUST55702', 'BRG0003', 12.0, 'DUS', 10690.6, 'BRND003', 'MARCKS'),
('TD', 'CAB05', 'IN6110', '2022-03-06', 'CUST55576', 'BRG0007', 9.0, 'DUS', 4592.1, 'BRND007', 'ETIKAL'),
('TD', 'CAB01', 'IN6111', '2022-05-26', 'CUST55657', 'BRG0008', 12.0, 'DUS', 3991.9, 'BRND008', 'MARCKS'),
('TA', 'CAB05', 'IN6112', '2022-05-03', 'CUST55726', 'BRG0007', 34.0, 'DUS', 4592.1, 'BRND007', 'ETIKAL'),
('TD', 'CAB09', 'IN6113', '2022-01-27', 'CUST55400', 'BRG0001', 12.0, 'DUS', 1169.91, 'BRND001', 'OGB & PH'),
('TD', 'CAB02', 'IN6114', '2022-02-27', 'CUST55569', 'BRG0010', 98.0, 'DUS', 6940.3, 'BRND010', 'SLCYL'),
('TA', 'CAB10', 'IN6115', '2022-05-03', 'CUST55716', 'BRG0007', 10.0, 'DUS', 4592.1, 'BRND007', 'ETIKAL'),
('TD', 'CAB04', 'IN6116', '2022-01-28', 'CUST55455', 'BRG0006', 67.0, 'DUS', 2819.2, 'BRND006', 'OGB & PH'),
('TD', 'CAB06', 'IN6117', '2022-05-22', 'CUST55667', 'BRG0008', 5.0, 'DUS', 3991.9, 'BRND008', 'MARCKS'),
('TD', 'CAB06', 'IN6118', '2022-01-27', 'CUST55502', 'BRG0003', 19.0, 'DUS', 10690.6, 'BRND003', 'MARCKS'),
('TA', 'CAB02', 'IN6119', '2022-01-28', 'CUST55449', 'BRG0010', 14.0, 'DUS', 6940.3, 'BRND010', 'SLCYL'),
('TD', 'CAB03', 'IN6120', '2022-02-01', 'CUST55465', 'BRG0006', 14.0, 'DUS', 2819.2, 'BRND006', 'OGB & PH'),
('EPM', 'CAB05', 'IN6121', '2022-05-21', 'CUST55666', 'BRG0007', 98.0, 'DUS', 4592.1, 'BRND007', 'ETIKAL'),
('TD', 'CAB09', 'IN6122', '2022-01-30', 'CUST55445', 'BRG0006', 21.0, 'DUS', 2819.2, 'BRND006', 'OGB & PH'),
('TD', 'CAB06', 'IN6123', '2022-06-16', 'CUST55697', 'BRG0008', 12.0, 'DUS', 3991.9, 'BRND008', 'MARCKS'),
('TA', 'CAB06', 'IN6124', '2022-01-27', 'CUST55442', 'BRG0003', 95.0, 'DUS', 10690.6, 'BRND003', 'MARCKS'),
('TA', 'CAB01', 'IN6125', '2022-01-23', 'CUST55402', 'BRG0003', 14.0, 'DUS', 10690.6, 'BRND003', 'MARCKS'),
('TD', 'CAB08', 'IN6126', '2022-04-23', 'CUST55624', 'BRG0005', 45.0, 'DUS', 5648.3, 'BRND005', 'SLCYL'),
('TA', 'CAB09', 'IN6127', '2022-04-24', 'CUST55625', 'BRG0006', 34.0, 'DUS', 2819.2, 'BRND006', 'OGB & PH'),
('TA', 'CAB01', 'IN6128', '2022-02-01', 'CUST55537', 'BRG0008', 79.0, 'DUS', 3991.9, 'BRND008', 'MARCKS'),
('TD', 'CAB01', 'IN6129', '2022-02-14', 'CUST55556', 'BRG0001', 8.0, 'DUS', 4592.1, 'BRND007', 'ETIKAL'),
('EPM', 'CAB07', 'IN6130', '2022-01-31', 'CUST55518', 'BRG0009', 5.0, 'DUS', 5780.7, 'BRND009', 'VNS'),
('TD', 'CAB01', 'IN6131', '2022-01-27', 'CUST55418', 'BRG0009', 10.0, 'DUS', 5780.7, 'BRND009', 'VNS'),
('TD', 'CAB02', 'IN6132', '2022-04-30', 'CUST55708', 'BRG0003', 12.0, 'DUS', 5780.7, 'BRND009', 'VNS'),
('TA', 'CAB08', 'IN6133', '2022-02-01', 'CUST55429', 'BRG0010', 78.0, 'DUS', 6940.3, 'BRND010', 'SLCYL'),
('TD', 'CAB05', 'IN6134', '2022-02-01', 'CUST55441', 'BRG0002', 12.0, 'DUS', 2337.5, 'BRND002', 'ETIKAL'),
('TA', 'CAB09', 'IN6135', '2022-02-08', 'CUST55550', 'BRG0001', 12.0, 'DUS', 1169.91, 'BRND001', 'OGB & PH'),
('TD', 'CAB01', 'IN6136', '2022-01-27', 'CUST55526', 'BRG0001', 78.0, 'DUS', 4592.1, 'BRND007', 'ETIKAL'),
('TD', 'CAB02', 'IN6137', '2022-03-03', 'CUST55573', 'BRG0004', 9.0, 'DUS', 8700.7, 'BRND004', 'VNS'),
('TD', 'CAB01', 'IN6138', '2022-04-18', 'CUST55661', 'BRG0002', 10.0, 'DUS', 2337.5, 'BRND002', 'ETIKAL'),
('TD', 'CAB07', 'IN6139', '2022-04-22', 'CUST55623', 'BRG0004', 78.0, 'DUS', 8700.7, 'BRND004', 'VNS'),
('EPM', 'CAB09', 'IN6140', '2022-03-25', 'CUST55595', 'BRG0006', 25.0, 'DUS', 2819.2, 'BRND006', 'OGB & PH'),
('TD', 'CAB10', 'IN6141', '2022-01-28', 'CUST55401', 'BRG0002', 25.0, 'DUS', 2337.5, 'BRND002', 'ETIKAL'),
('TD', 'CAB03', 'IN6142', '2022-05-01', 'CUST55724', 'BRG0005', 45.0, 'DUS', 5648.3, 'BRND005', 'SLCYL'),
('TD', 'CAB03', 'IN6143', '2022-05-02', 'CUST55705', 'BRG0006', 24.0, 'DUS', 2819.2, 'BRND006', 'OGB & PH'),
('EPM', 'CAB03', 'IN6144', '2022-01-22', 'CUST55383', 'BRG0004', 13.0, 'DUS', 8700.7, 'BRND004', 'VNS'),
('EPM', 'CAB01', 'IN6145', '2022-04-20', 'CUST55642', 'BRG0003', 25.0, 'DUS', 10690.6, 'BRND003', 'MARCKS'),
('TA', 'CAB06', 'IN6146', '2022-01-27', 'CUST55412', 'BRG0003', 25.0, 'DUS', 10690.6, 'BRND003', 'MARCKS'),
('EPM', 'CAB03', 'IN6147', '2022-02-13', 'CUST55555', 'BRG0006', 4.0, 'DUS', 2819.2, 'BRND006', 'OGB & PH'),
('TA', 'CAB10', 'IN6148', '2022-01-31', 'CUST55476', 'BRG0007', 9.0, 'DUS', 4592.1, 'BRND007', 'ETIKAL'),
('TD', 'CAB04', 'IN6149', '2022-03-20', 'CUST55590', 'BRG0001', 14.0, 'DUS', 1169.91, 'BRND001', 'OGB & PH'),
('TD', 'CAB05', 'IN6150', '2022-05-20', 'CUST55651', 'BRG0002', 5.0, 'DUS', 2337.5, 'BRND002', 'ETIKAL'),
('EPM', 'CAB03', 'IN6151', '2022-05-02', 'CUST55720', 'BRG0001', 78.0, 'DUS', 1169.91, 'BRND001', 'OGB & PH'),
('TD', 'CAB01', 'IN6152', '2022-01-31', 'CUST55512', 'BRG0003', 10.0, 'DUS', 10690.6, 'BRND003', 'MARCKS'),
('TD', 'CAB01', 'IN6153', '2022-03-27', 'CUST55597', 'BRG0008', 18.0, 'DUS', 3991.9, 'BRND008', 'MARCKS'),
('TA', 'CAB10', 'IN6154', '2022-04-19', 'CUST55641', 'BRG0002', 12.0, 'DUS', 2337.5, 'BRND002', 'ETIKAL'),
('TA', 'CAB02', 'IN6155', '2022-01-21', 'CUST55382', 'BRG0003', 9.0, 'DUS', 10690.6, 'BRND003', 'MARCKS'),
('TA', 'CAB07', 'IN6156', '2022-04-07', 'CUST55608', 'BRG0009', 24.0, 'DUS', 5780.7, 'BRND009', 'VNS'),
('TD', 'CAB01', 'IN6157', '2022-04-12', 'CUST55613', 'BRG0004', 67.0, 'DUS', 8700.7, 'BRND004', 'VNS'),
('TA', 'CAB08', 'IN6158', '2022-05-01', 'CUST55699', 'BRG0010', 14.0, 'DUS', 6940.3, 'BRND010', 'SLCYL'),
('TA', 'CAB02', 'IN6159', '2022-06-13', 'CUST55689', 'BRG0010', 67.0, 'DUS', 6940.3, 'BRND010', 'SLCYL'),
('TA', 'CAB01', 'IN6160', '2022-05-27', 'CUST55672', 'BRG0003', 5.0, 'DUS', 10690.6, 'BRND003', 'MARCKS'),
('TA', 'CAB01', 'IN6161', '2022-01-27', 'CUST55466', 'BRG0001', 24.0, 'DUS', 4592.1, 'BRND007', 'ETIKAL'),
('TA', 'CAB07', 'IN6162', '2022-01-28', 'CUST55503', 'BRG0004', 12.0, 'DUS', 8700.7, 'BRND004', 'VNS'),
('TD', 'CAB01', 'IN6163', '2022-01-30', 'CUST55421', 'BRG0002', 5.0, 'DUS', 2337.5, 'BRND002', 'ETIKAL'),
('EPM', 'CAB07', 'IN6164', '2022-03-08', 'CUST55578', 'BRG0009', 1.0, 'DUS', 5780.7, 'BRND009', 'VNS'),
('TA', 'CAB01', 'IN6165', '2022-06-16', 'CUST55722', 'BRG0003', 34.0, 'DUS', 10690.6, 'BRND003', 'MARCKS'),
('TA', 'CAB03', 'IN6166', '2022-05-30', 'CUST55675', 'BRG0006', 1.0, 'DUS', 2819.2, 'BRND006', 'OGB & PH'),
('EPM', 'CAB10', 'IN6167', '2022-01-28', 'CUST55491', 'BRG0002', 12.0, 'DUS', 2337.5, 'BRND002', 'ETIKAL'),
('TD', 'CAB02', 'IN6168', '2022-05-13', 'CUST55644', 'BRG0005', 24.0, 'DUS', 5648.3, 'BRND005', 'SLCYL'),
('TA', 'CAB04', 'IN6169', '2022-05-20', 'CUST55665', 'BRG0006', 67.0, 'DUS', 2819.2, 'BRND006', 'OGB & PH'),
('TD', 'CAB09', 'IN6170', '2022-01-30', 'CUST55505', 'BRG0006', 14.0, 'DUS', 2819.2, 'BRND006', 'OGB & PH'),
('EPM', 'CAB04', 'IN6171', '2022-02-03', 'CUST55545', 'BRG0006', 25.0, 'DUS', 2819.2, 'BRND006', 'OGB & PH'),
('EPM', 'CAB01', 'IN6172', '2022-01-28', 'CUST55497', 'BRG0002', 12.0, 'DUS', 3991.9, 'BRND008', 'MARCKS'),
('EPM', 'CAB01', 'IN6173', '2022-01-27', 'CUST55406', 'BRG0001', 12.0, 'DUS', 4592.1, 'BRND007', 'ETIKAL'),
('TA', 'CAB02', 'IN6174', '2022-04-17', 'CUST55618', 'BRG0003', 9.0, 'DUS', 5780.7, 'BRND009', 'VNS'),
('TD', 'CAB02', 'IN6175', '2022-01-31', 'CUST55404', 'BRG0005', 18.0, 'DUS', 5648.3, 'BRND005', 'SLCYL'),
('EPM', 'CAB01', 'IN6176', '2022-01-30', 'CUST55403', 'BRG0004', 18.0, 'DUS', 8700.7, 'BRND004', 'VNS'),
('EPM', 'CAB03', 'IN6177', '2022-03-15', 'CUST55585', 'BRG0006', 17.0, 'DUS', 2819.2, 'BRND006', 'OGB & PH'),
('TA', 'CAB04', 'IN6178', '2022-05-02', 'CUST55695', 'BRG0006', 18.0, 'DUS', 2819.2, 'BRND006', 'OGB & PH'),
('EPM', 'CAB08', 'IN6179', '2022-05-24', 'CUST55669', 'BRG0010', 8.0, 'DUS', 6940.3, 'BRND010', 'SLCYL'),
('TA', 'CAB02', 'IN6180', '2022-04-13', 'CUST55614', 'BRG0005', 98.0, 'DUS', 5648.3, 'BRND005', 'SLCYL'),
('TD', 'CAB08', 'IN6181', '2022-02-07', 'CUST55549', 'BRG0010', 130.0, 'DUS', 6940.3, 'BRND010', 'SLCYL'),
('TA', 'CAB06', 'IN6182', '2022-03-07', 'CUST55577', 'BRG0008', 13.0, 'DUS', 3991.9, 'BRND008', 'MARCKS'),
('TD', 'CAB02', 'IN6183', '2022-01-23', 'CUST55498', 'BRG0003', 25.0, 'DUS', 5780.7, 'BRND009', 'VNS'),
('TA', 'CAB04', 'IN6184', '2022-01-28', 'CUST55395', 'BRG0006', 25.0, 'DUS', 2819.2, 'BRND006', 'OGB & PH'),
('TA', 'CAB02', 'IN6185', '2022-02-01', 'CUST55483', 'BRG0004', 9.0, 'DUS', 8700.7, 'BRND004', 'VNS'),
('TA', 'CAB04', 'IN6186', '2022-01-31', 'CUST55500', 'BRG0001', 18.0, 'DUS', 1169.91, 'BRND001', 'OGB & PH'),
('TD', 'CAB05', 'IN6187', '2022-04-05', 'CUST55606', 'BRG0007', 25.0, 'DUS', 4592.1, 'BRND007', 'ETIKAL'),
('TD', 'CAB03', 'IN6188', '2022-01-27', 'CUST55454', 'BRG0005', 10.0, 'DUS', 5648.3, 'BRND005', 'SLCYL'),
('TA', 'CAB03', 'IN6189', '2022-03-04', 'CUST55574', 'BRG0005', 1.0, 'DUS', 5648.3, 'BRND005', 'SLCYL'),
('TD', 'CAB10', 'IN6190', '2022-01-23', 'CUST55390', 'BRG0001', 2.0, 'DUS', 1169.91, 'BRND001', 'OGB & PH'),
('TA', 'CAB01', 'IN6191', '2022-01-31', 'CUST55422', 'BRG0003', 4.0, 'DUS', 10690.6, 'BRND003', 'MARCKS'),
('TA', 'CAB03', 'IN6192', '2022-05-14', 'CUST55645', 'BRG0006', 10.0, 'DUS', 2819.2, 'BRND006', 'OGB & PH'),
('EPM', 'CAB02', 'IN6193', '2022-03-18', 'CUST55588', 'BRG0003', 12.0, 'DUS', 5780.7, 'BRND009', 'VNS'),
('TA', 'CAB01', 'IN6194', '2022-04-18', 'CUST55658', 'BRG0009', 25.0, 'DUS', 5780.7, 'BRND009', 'VNS'),
('TA', 'CAB07', 'IN6195', '2022-01-31', 'CUST55398', 'BRG0009', 67.0, 'DUS', 5780.7, 'BRND009', 'VNS'),
('TA', 'CAB04', 'IN6196', '2022-01-31', 'CUST55530', 'BRG0001', 45.0, 'DUS', 1169.91, 'BRND001', 'OGB & PH'),
('TD', 'CAB03', 'IN6197', '2022-04-29', 'CUST55630', 'BRG0001', 34.0, 'DUS', 1169.91, 'BRND001', 'OGB & PH'),
('EPM', 'CAB04', 'IN6198', '2022-06-04', 'CUST55680', 'BRG0001', 4.0, 'DUS', 1169.91, 'BRND001', 'OGB & PH'),
('TD', 'CAB02', 'IN6199', '2022-01-28', 'CUST55509', 'BRG0010', 25.0, 'DUS', 6940.3, 'BRND010', 'SLCYL'),
('TA', 'CAB07', 'IN6200', '2022-01-28', 'CUST55473', 'BRG0004', 5.0, 'DUS', 8700.7, 'BRND004', 'VNS'),
('TA', 'CAB07', 'IN6201', '2022-05-23', 'CUST55668', 'BRG0009', 4.0, 'DUS', 5780.7, 'BRND009', 'VNS'),
('EPM', 'CAB02', 'IN6202', '2022-01-23', 'CUST55528', 'BRG0003', 34.0, 'DUS', 5780.7, 'BRND009', 'VNS'),
('EPM', 'CAB02', 'IN6203', '2022-01-31', 'CUST55524', 'BRG0005', 100.0, 'DUS', 5648.3, 'BRND005', 'SLCYL'),
('EPM', 'CAB06', 'IN6204', '2022-06-16', 'CUST55727', 'BRG0008', 34.0, 'DUS', 3991.9, 'BRND008', 'MARCKS'),
('TA', 'CAB09', 'IN6205', '2022-01-27', 'CUST55520', 'BRG0001', 8.0, 'DUS', 1169.91, 'BRND001', 'OGB & PH'),
('EPM', 'CAB01', 'IN6206', '2022-03-12', 'CUST55582', 'BRG0003', 23.0, 'DUS', 10690.6, 'BRND003', 'MARCKS'),
('EPM', 'CAB04', 'IN6207', '2022-04-04', 'CUST55605', 'BRG0006', 12.0, 'DUS', 2819.2, 'BRND006', 'OGB & PH'),
('TD', 'CAB09', 'IN6208', '2022-01-30', 'CUST55475', 'BRG0006', 8.0, 'DUS', 2819.2, 'BRND006', 'OGB & PH'),
('TD', 'CAB01', 'IN6209', '2022-03-16', 'CUST55586', 'BRG0001', 11.0, 'DUS', 4592.1, 'BRND007', 'ETIKAL'),
('TA', 'CAB05', 'IN6210', '2022-01-23', 'CUST55486', 'BRG0007', 4.0, 'DUS', 4592.1, 'BRND007', 'ETIKAL'),
('EPM', 'CAB05', 'IN6211', '2022-02-01', 'CUST55501', 'BRG0002', 18.0, 'DUS', 2337.5, 'BRND002', 'ETIKAL'),
('TD', 'CAB05', 'IN6212', '2022-06-05', 'CUST55681', 'BRG0002', 2.0, 'DUS', 2337.5, 'BRND002', 'ETIKAL'),
('TD', 'CAB10', 'IN6213', '2022-05-03', 'CUST55701', 'BRG0002', 22.0, 'DUS', 2337.5, 'BRND002', 'ETIKAL'),
('TD', 'CAB10', 'IN6214', '2022-01-28', 'CUST55461', 'BRG0002', 21.0, 'DUS', 2337.5, 'BRND002', 'ETIKAL'),
('TA', 'CAB03', 'IN6215', '2022-01-23', 'CUST55510', 'BRG0001', 14.0, 'DUS', 1169.91, 'BRND001', 'OGB & PH'),
('TA', 'CAB05', 'IN6216', '2022-01-23', 'CUST55456', 'BRG0007', 98.0, 'DUS', 4592.1, 'BRND007', 'ETIKAL'),
('TD', 'CAB02', 'IN6217', '2022-01-23', 'CUST55438', 'BRG0003', 5.0, 'DUS', 5780.7, 'BRND009', 'VNS'),
('EPM', 'CAB08', 'IN6218', '2022-04-17', 'CUST55639', 'BRG0010', 21.0, 'DUS', 6940.3, 'BRND010', 'SLCYL'),
('TA', 'CAB01', 'IN6219', '2022-01-27', 'CUST55436', 'BRG0001', 34.0, 'DUS', 4592.1, 'BRND007', 'ETIKAL'),
('TD', 'CAB08', 'IN6220', '2022-01-23', 'CUST55444', 'BRG0005', 48.0, 'DUS', 5648.3, 'BRND005', 'SLCYL'),
('EPM', 'CAB08', 'IN6221', '2022-01-23', 'CUST55504', 'BRG0005', 25.0, 'DUS', 5648.3, 'BRND005', 'SLCYL'),
('TD', 'CAB02', 'IN6222', '2022-06-02', 'CUST55678', 'BRG0003', 1.0, 'DUS', 5780.7, 'BRND009', 'VNS'),
('TD', 'CAB02', 'IN6223', '2022-05-02', 'CUST55633', 'BRG0004', 6.0, 'DUS', 8700.7, 'BRND004', 'VNS'),
('TD', 'CAB03', 'IN6224', '2022-02-17', 'CUST55559', 'BRG0004', 22.0, 'DUS', 6940.3, 'BRND010', 'SLCYL'),
('TA', 'CAB01', 'IN6225', '2022-04-30', 'CUST55631', 'BRG0002', 44.0, 'DUS', 2337.5, 'BRND002', 'ETIKAL'),
('EPM', 'CAB10', 'IN6226', '2022-01-31', 'CUST55416', 'BRG0007', 23.0, 'DUS', 4592.1, 'BRND007', 'ETIKAL'),
('TA', 'CAB10', 'IN6227', '2022-04-10', 'CUST55611', 'BRG0002', 12.0, 'DUS', 2337.5, 'BRND002', 'ETIKAL'),
('TD', 'CAB01', 'IN6228', '2022-01-27', 'CUST55508', 'BRG0009', 12.0, 'DUS', 5780.7, 'BRND009', 'VNS'),
('EPM', 'CAB04', 'IN6229', '2022-03-05', 'CUST55575', 'BRG0006', 5.0, 'DUS', 2819.2, 'BRND006', 'OGB & PH'),
('EPM', 'CAB07', 'IN6230', '2022-01-28', 'CUST55413', 'BRG0004', 14.0, 'DUS', 8700.7, 'BRND004', 'VNS'),
('TD', 'CAB07', 'IN6231', '2022-02-21', 'CUST55563', 'BRG0004', 24.0, 'DUS', 8700.7, 'BRND004', 'VNS'),
('EPM', 'CAB08', 'IN6232', '2022-04-08', 'CUST55609', 'BRG0010', 10.0, 'DUS', 6940.3, 'BRND010', 'SLCYL'),
('EPM', 'CAB03', 'IN6233', '2022-01-23', 'CUST55450', 'BRG0001', 24.0, 'DUS', 1169.91, 'BRND001', 'OGB & PH'),
('TD', 'CAB01', 'IN6234', '2022-02-10', 'CUST55552', 'BRG0003', 67.0, 'DUS', 10690.6, 'BRND003', 'MARCKS'),
('TD', 'CAB01', 'IN6235', '2022-01-30', 'CUST55451', 'BRG0002', 10.0, 'DUS', 2337.5, 'BRND002', 'ETIKAL'),
('TD', 'CAB08', 'IN6236', '2022-06-08', 'CUST55684', 'BRG0005', 12.0, 'DUS', 5648.3, 'BRND005', 'SLCYL'),
('EPM', 'CAB03', 'IN6237', '2022-04-18', 'CUST55619', 'BRG0004', 10.0, 'DUS', 6940.3, 'BRND010', 'SLCYL'),
('EPM', 'CAB09', 'IN6238', '2022-01-27', 'CUST55460', 'BRG0001', 9.0, 'DUS', 1169.91, 'BRND001', 'OGB & PH'),
('EPM', 'CAB01', 'IN6239', '2022-03-02', 'CUST55572', 'BRG0003', 8.0, 'DUS', 10690.6, 'BRND003', 'MARCKS'),
('EPM', 'CAB01', 'IN6240', '2022-01-30', 'CUST55541', 'BRG0002', 48.0, 'DUS', 2337.5, 'BRND002', 'ETIKAL'),
('EPM', 'CAB04', 'IN6241', '2022-01-31', 'CUST55440', 'BRG0001', 79.0, 'DUS', 1169.91, 'BRND001', 'OGB & PH'),
('EPM', 'CAB08', 'IN6242', '2022-01-23', 'CUST55534', 'BRG0005', 44.0, 'DUS', 5648.3, 'BRND005', 'SLCYL'),
('TD', 'CAB03', 'IN6243', '2022-02-01', 'CUST55525', 'BRG0006', 67.0, 'DUS', 2819.2, 'BRND006', 'OGB & PH'),
('TD', 'CAB01', 'IN6244', '2022-01-31', 'CUST55542', 'BRG0003', 21.0, 'DUS', 10690.6, 'BRND003', 'MARCKS'),
('TD', 'CAB06', 'IN6245', '2022-01-30', 'CUST55397', 'BRG0008', 34.0, 'DUS', 3991.9, 'BRND008', 'MARCKS'),
('TA', 'CAB07', 'IN6246', '2022-01-28', 'CUST55533', 'BRG0004', 34.0, 'DUS', 8700.7, 'BRND004', 'VNS'),
('TA', 'CAB04', 'IN6247', '2022-01-28', 'CUST55425', 'BRG0006', 10.0, 'DUS', 2819.2, 'BRND006', 'OGB & PH'),
('TD', 'CAB06', 'IN6248', '2022-01-30', 'CUST55427', 'BRG0008', 100.0, 'DUS', 3991.9, 'BRND008', 'MARCKS'),
('EPM', 'CAB01', 'IN6249', '2022-04-30', 'CUST55703', 'BRG0004', 25.0, 'DUS', 8700.7, 'BRND004', 'VNS'),
('TA', 'CAB01', 'IN6250', '2022-03-17', 'CUST55587', 'BRG0002', 12.0, 'DUS', 3991.9, 'BRND008', 'MARCKS'),
('TD', 'CAB07', 'IN6251', '2022-01-23', 'CUST55387', 'BRG0008', 1.0, 'DUS', 3991.9, 'BRND008', 'MARCKS'),
('EPM', 'CAB03', 'IN6252', '2022-05-18', 'CUST55649', 'BRG0004', 67.0, 'DUS', 6940.3, 'BRND010', 'SLCYL'),
('TD', 'CAB10', 'IN6253', '2022-01-28', 'CUST55431', 'BRG0002', 34.0, 'DUS', 2337.5, 'BRND002', 'ETIKAL'),
('TA', 'CAB03', 'IN6254', '2022-02-02', 'CUST55544', 'BRG0005', 12.0, 'DUS', 5648.3, 'BRND005', 'SLCYL'),
('TA', 'CAB10', 'IN6255', '2022-01-31', 'CUST55446', 'BRG0007', 22.0, 'DUS', 4592.1, 'BRND007', 'ETIKAL'),
('TA', 'CAB01', 'IN6256', '2022-01-30', 'CUST55463', 'BRG0004', 12.0, 'DUS', 8700.7, 'BRND004', 'VNS'),
('EPM', 'CAB03', 'IN6257', '2022-04-14', 'CUST55615', 'BRG0006', 5.0, 'DUS', 2819.2, 'BRND006', 'OGB & PH'),
('EPM', 'CAB03', 'IN6258', '2022-01-27', 'CUST55484', 'BRG0005', 1.0, 'DUS', 5648.3, 'BRND005', 'SLCYL'),
('TA', 'CAB03', 'IN6259', '2022-02-01', 'CUST55405', 'BRG0006', 19.0, 'DUS', 2819.2, 'BRND006', 'OGB & PH'),
('TA', 'CAB08', 'IN6260', '2022-02-22', 'CUST55564', 'BRG0005', 10.0, 'DUS', 5648.3, 'BRND005', 'SLCYL'),
('TA', 'CAB06', 'IN6261', '2022-02-05', 'CUST55547', 'BRG0008', 24.0, 'DUS', 3991.9, 'BRND008', 'MARCKS'),
('TA', 'CAB02', 'IN6262', '2022-01-28', 'CUST55419', 'BRG0010', 67.0, 'DUS', 6940.3, 'BRND010', 'SLCYL'),
('TA', 'CAB01', 'IN6263', '2022-01-31', 'CUST55452', 'BRG0003', 130.0, 'DUS', 10690.6, 'BRND003', 'MARCKS'),
('EPM', 'CAB03', 'IN6264', '2022-06-14', 'CUST55690', 'BRG0001', 15.0, 'DUS', 1169.91, 'BRND001', 'OGB & PH'),
('TD', 'CAB07', 'IN6265', '2022-04-30', 'CUST55698', 'BRG0009', 25.0, 'DUS', 5780.7, 'BRND009', 'VNS'),
('EPM', 'CAB05', 'IN6266', '2022-02-01', 'CUST55531', 'BRG0002', 34.0, 'DUS', 2337.5, 'BRND002', 'ETIKAL'),
('TA', 'CAB08', 'IN6267', '2022-02-01', 'CUST55459', 'BRG0010', 8.0, 'DUS', 6940.3, 'BRND010', 'SLCYL'),
('TA', 'CAB01', 'IN6268', '2022-06-16', 'CUST55692', 'BRG0003', 25.0, 'DUS', 10690.6, 'BRND003', 'MARCKS'),
('EPM', 'CAB02', 'IN6269', '2022-02-01', 'CUST55453', 'BRG0004', 12.0, 'DUS', 8700.7, 'BRND004', 'VNS'),
('EPM', 'CAB05', 'IN6270', '2022-05-03', 'CUST55696', 'BRG0007', 19.0, 'DUS', 4592.1, 'BRND007', 'ETIKAL'),
('TA', 'CAB03', 'IN6271', '2022-04-03', 'CUST55604', 'BRG0005', 22.0, 'DUS', 5648.3, 'BRND005', 'SLCYL'),
('TD', 'CAB04', 'IN6272', '2022-05-19', 'CUST55650', 'BRG0001', 98.0, 'DUS', 1169.91, 'BRND001', 'OGB & PH'),
('TD', 'CAB03', 'IN6273', '2022-05-03', 'CUST55634', 'BRG0005', 79.0, 'DUS', 5648.3, 'BRND005', 'SLCYL'),
('EPM', 'CAB02', 'IN6274', '2022-02-01', 'CUST55423', 'BRG0004', 8.0, 'DUS', 8700.7, 'BRND004', 'VNS'),
('EPM', 'CAB01', 'IN6275', '2022-02-26', 'CUST55568', 'BRG0009', 67.0, 'DUS', 5780.7, 'BRND009', 'VNS'),
('TD', 'CAB01', 'IN6276', '2022-01-30', 'CUST55481', 'BRG0002', 1.0, 'DUS', 2337.5, 'BRND002', 'ETIKAL'),
('EPM', 'CAB02', 'IN6277', '2022-04-28', 'CUST55629', 'BRG0010', 34.0, 'DUS', 6940.3, 'BRND010', 'SLCYL'),
('TD', 'CAB03', 'IN6278', '2022-01-30', 'CUST55499', 'BRG0004', 14.0, 'DUS', 6940.3, 'BRND010', 'SLCYL'),
('TD', 'CAB03', 'IN6279', '2022-01-30', 'CUST55529', 'BRG0004', 20.0, 'DUS', 6940.3, 'BRND010', 'SLCYL'),
('TD', 'CAB04', 'IN6280', '2022-01-23', 'CUST55384', 'BRG0005', 1.0, 'DUS', 5648.3, 'BRND005', 'SLCYL'),
('TA', 'CAB09', 'IN6281', '2022-01-30', 'CUST55415', 'BRG0006', 10.0, 'DUS', 2819.2, 'BRND006', 'OGB & PH'),
('EPM', 'CAB01', 'IN6282', '2022-05-28', 'CUST55673', 'BRG0004', 9.0, 'DUS', 8700.7, 'BRND004', 'VNS'),
('TD', 'CAB03', 'IN6283', '2022-05-19', 'CUST55664', 'BRG0005', 10.0, 'DUS', 5648.3, 'BRND005', 'SLCYL'),
('TA', 'CAB03', 'IN6284', '2022-01-23', 'CUST55540', 'BRG0001', 76.0, 'DUS', 1169.91, 'BRND001', 'OGB & PH'),
('EPM', 'CAB01', 'IN6285', '2022-05-15', 'CUST55646', 'BRG0001', 130.0, 'DUS', 4592.1, 'BRND007', 'ETIKAL'),
('TD', 'CAB02', 'IN6286', '2022-01-23', 'CUST55468', 'BRG0003', 120.0, 'DUS', 5780.7, 'BRND009', 'VNS'),
('TD', 'CAB01', 'IN6287', '2022-01-30', 'CUST55391', 'BRG0002', 17.0, 'DUS', 2337.5, 'BRND002', 'ETIKAL'),
('TA', 'CAB06', 'IN6288', '2022-06-06', 'CUST55682', 'BRG0003', 17.0, 'DUS', 10690.6, 'BRND003', 'MARCKS'),
('TD', 'CAB01', 'IN6289', '2022-01-23', 'CUST55492', 'BRG0003', 25.0, 'DUS', 10690.6, 'BRND003', 'MARCKS'),
('EPM', 'CAB06', 'IN6290', '2022-03-22', 'CUST55592', 'BRG0003', 67.0, 'DUS', 10690.6, 'BRND003', 'MARCKS'),
('TD', 'CAB08', 'IN6291', '2022-02-01', 'CUST55489', 'BRG0010', 11.0, 'DUS', 6940.3, 'BRND010', 'SLCYL'),
('EPM', 'CAB01', 'IN6292', '2022-01-28', 'CUST55467', 'BRG0002', 10.0, 'DUS', 3991.9, 'BRND008', 'MARCKS'),
('TD', 'CAB08', 'IN6293', '2022-02-01', 'CUST55519', 'BRG0010', 4.0, 'DUS', 6940.3, 'BRND010', 'SLCYL'),
('TD', 'CAB05', 'IN6294', '2022-05-03', 'CUST55711', 'BRG0002', 98.0, 'DUS', 2337.5, 'BRND002', 'ETIKAL'),
('EPM', 'CAB07', 'IN6295', '2022-05-22', 'CUST55653', 'BRG0004', 8.0, 'DUS', 8700.7, 'BRND004', 'VNS'),
('TA', 'CAB09', 'IN6296', '2022-06-09', 'CUST55685', 'BRG0006', 12.0, 'DUS', 2819.2, 'BRND006', 'OGB & PH'),
('TD', 'CAB01', 'IN6297', '2022-01-20', 'CUST55381', 'BRG0002', 5.0, 'DUS', 2337.5, 'BRND002', 'ETIKAL'),
('TA', 'CAB06', 'IN6298', '2022-05-21', 'CUST55652', 'BRG0003', 4.0, 'DUS', 10690.6, 'BRND003', 'MARCKS'),
('EPM', 'CAB03', 'IN6299', '2022-01-27', 'CUST55514', 'BRG0005', 12.0, 'DUS', 5648.3, 'BRND005', 'SLCYL'),
('EPM', 'CAB01', 'IN6300', '2022-02-01', 'CUST55507', 'BRG0008', 22.0, 'DUS', 3991.9, 'BRND008', 'MARCKS'),
('EPM', 'CAB02', 'IN6301', '2022-02-01', 'CUST55393', 'BRG0004', 12.0, 'DUS', 8700.7, 'BRND004', 'VNS'),
('EPM', 'CAB09', 'IN6302', '2022-02-23', 'CUST55565', 'BRG0006', 120.0, 'DUS', 2819.2, 'BRND006', 'OGB & PH'),
('TD', 'CAB02', 'IN6303', '2022-01-28', 'CUST55539', 'BRG0010', 95.0, 'DUS', 6940.3, 'BRND010', 'SLCYL'),
('TD', 'CAB07', 'IN6304', '2022-04-30', 'CUST55728', 'BRG0009', 44.0, 'DUS', 5780.7, 'BRND009', 'VNS'),
('TA', 'CAB01', 'IN6305', '2022-01-30', 'CUST55493', 'BRG0004', 14.0, 'DUS', 8700.7, 'BRND004', 'VNS'),
('EPM', 'CAB09', 'IN6306', '2022-01-27', 'CUST55430', 'BRG0001', 45.0, 'DUS', 1169.91, 'BRND001', 'OGB & PH'),
('EPM', 'CAB05', 'IN6307', '2022-01-23', 'CUST55396', 'BRG0007', 14.0, 'DUS', 4592.1, 'BRND007', 'ETIKAL'),
('TD', 'CAB05', 'IN6308', '2022-01-23', 'CUST55516', 'BRG0007', 67.0, 'DUS', 4592.1, 'BRND007', 'ETIKAL'),
('TD', 'CAB01', 'IN6309', '2022-04-26', 'CUST55627', 'BRG0008', 45.0, 'DUS', 3991.9, 'BRND008', 'MARCKS'),
('EPM', 'CAB02', 'IN6310', '2022-04-30', 'CUST55693', 'BRG0004', 14.0, 'DUS', 8700.7, 'BRND004', 'VNS'),
('EPM', 'CAB05', 'IN6311', '2022-01-23', 'CUST55426', 'BRG0007', 7.0, 'DUS', 4592.1, 'BRND007', 'ETIKAL'),
('TD', 'CAB04', 'IN6312', '2022-05-02', 'CUST55725', 'BRG0006', 34.0, 'DUS', 2819.2, 'BRND006', 'OGB & PH'),
('TD', 'CAB03', 'IN6313', '2022-04-20', 'CUST55660', 'BRG0001', 24.0, 'DUS', 1169.91, 'BRND001', 'OGB & PH'),
('TA', 'CAB01', 'IN6314', '2022-01-28', 'CUST55527', 'BRG0002', 45.0, 'DUS', 3991.9, 'BRND008', 'MARCKS'),
('TD', 'CAB01', 'IN6315', '2022-04-21', 'CUST55643', 'BRG0004', 14.0, 'DUS', 8700.7, 'BRND004', 'VNS'),
('TA', 'CAB01', 'IN6316', '2022-04-19', 'CUST55662', 'BRG0003', 120.0, 'DUS', 10690.6, 'BRND003', 'MARCKS'),
('TD', 'CAB01', 'IN6317', '2022-01-23', 'CUST55522', 'BRG0003', 10.0, 'DUS', 10690.6, 'BRND003', 'MARCKS'),
('TD', 'CAB01', 'IN6318', '2022-01-23', 'CUST55462', 'BRG0003', 22.0, 'DUS', 10690.6, 'BRND003', 'MARCKS'),
('TD', 'CAB01', 'IN6319', '2022-02-11', 'CUST55553', 'BRG0004', 98.0, 'DUS', 8700.7, 'BRND004', 'VNS'),
('TD', 'CAB03', 'IN6320', '2022-02-01', 'CUST55495', 'BRG0006', 67.0, 'DUS', 2819.2, 'BRND006', 'OGB & PH'),
('EPM', 'CAB04', 'IN6321', '2022-01-31', 'CUST55410', 'BRG0001', 22.0, 'DUS', 1169.91, 'BRND001', 'OGB & PH'),
('TD', 'CAB07', 'IN6322', '2022-01-31', 'CUST55488', 'BRG0009', 17.0, 'DUS', 5780.7, 'BRND009', 'VNS'),
('TA', 'CAB03', 'IN6323', '2022-01-30', 'CUST55439', 'BRG0004', 6.0, 'DUS', 6940.3, 'BRND010', 'SLCYL'),
('EPM', 'CAB10', 'IN6324', '2022-06-10', 'CUST55686', 'BRG0007', 25.0, 'DUS', 4592.1, 'BRND007', 'ETIKAL'),
('EPM', 'CAB10', 'IN6325', '2022-01-28', 'CUST55521', 'BRG0002', 9.0, 'DUS', 2337.5, 'BRND002', 'ETIKAL'),
('TD', 'CAB07', 'IN6326', '2022-01-31', 'CUST55458', 'BRG0009', 4.0, 'DUS', 5780.7, 'BRND009', 'VNS'),
('TD', 'CAB01', 'IN6327', '2022-01-27', 'CUST55448', 'BRG0009', 25.0, 'DUS', 5780.7, 'BRND009', 'VNS');

-- penjualan2
INSERT INTO penjualan2 VALUES
('IN5997', '2022-01-20', 'CUST55380', 'BRG0001', 1, 'DUS', 96000),
('IN5997', '2022-01-20', 'CUST55380', 'BRG0002', 4, 'DUS', 112000),
('IN5997', '2022-01-20', 'CUST55380', 'BRG0003', 6, 'BOTOL', 17000),
('IN5997', '2022-01-20', 'CUST55380', 'BRG0004', 11, 'TABLET', 24500),
('IN5997', '2022-01-20', 'CUST55380', 'BRG0005', 40, 'TABLET', 47000),
('IN6297', '2022-01-20', 'CUST55381', 'BRG0002', 5, 'DUS', 112000),
('IN6297', '2022-01-20', 'CUST55381', 'BRG0005', 15, 'TABLET', 47000),
('IN6297', '2022-01-20', 'CUST55381', 'BRG0007', 12, 'BOTOL', 64700),
('IN6297', '2022-01-20', 'CUST55381', 'BRG0008', 30, 'TABLET', 9800),
('IN6155', '2022-01-21', 'CUST55382', 'BRG0003', 9, 'BOTOL', 17000),
('IN6155', '2022-01-21', 'CUST55382', 'BRG0004', 12, 'TABLET', 24500),
('IN6155', '2022-01-21', 'CUST55382', 'BRG0005', 12, 'TABLET', 47000),
('IN6155', '2022-01-21', 'CUST55382', 'BRG0006', 22, 'TABLET', 39000),
('IN6155', '2022-01-21', 'CUST55382', 'BRG0007', 10, 'BOTOL', 64700),
('IN6155', '2022-01-21', 'CUST55382', 'BRG0008', 25, 'TABLET', 9800),
('IN6155', '2022-01-21', 'CUST55382', 'BRG0009', 25, 'BOTOL', 31000),
('IN6155', '2022-01-21', 'CUST55382', 'BRG0010', 12, 'BOTOL', 21000),
('IN6144', '2022-01-22', 'CUST55383', 'BRG0004', 13, 'TABLET', 24500),
('IN6144', '2022-01-22', 'CUST55383', 'BRG0007', 13, 'BOTOL', 64700),
('IN6144', '2022-01-22', 'CUST55383', 'BRG0008', 13, 'TABLET', 9800),
('IN6144', '2022-01-22', 'CUST55383', 'BRG0009', 13, 'BOTOL', 31000),
('IN6144', '2022-01-22', 'CUST55383', 'BRG0010', 13, 'BOTOL', 21000),
('IN6280', '2022-01-23', 'CUST55384', 'BRG0001', 2, 'DUS', 96000),
('IN6280', '2022-01-23', 'CUST55384', 'BRG0002', 3, 'DUS', 112000),
('IN6280', '2022-01-23', 'CUST55384', 'BRG0005', 5, 'TABLET', 47000),
('IN6280', '2022-01-23', 'CUST55384', 'BRG0006', 25, 'TABLET', 39000),
('IN6280', '2022-01-23', 'CUST55384', 'BRG0007', 10, 'BOTOL', 64700),
('IN6280', '2022-01-23', 'CUST55384', 'BRG0009', 10, 'BOTOL', 31000),
('IN6280', '2022-01-23', 'CUST55384', 'BRG0010', 10, 'BOTOL', 21000),
('IN6052', '2022-01-23', 'CUST55385', 'BRG0006', 5, 'TABLET', 39000),
('IN6052', '2022-01-23', 'CUST55385', 'BRG0009', 5, 'BOTOL', 31000),
('IN6052', '2022-01-23', 'CUST55385', 'BRG0010', 5, 'BOTOL', 21000),
('IN6089', '2022-01-25', 'CUST55386', 'BRG0007', 9, 'BOTOL', 64700),
('IN6251', '2022-01-23', 'CUST55387', 'BRG0001', 2, 'DUS', 96000),
('IN6251', '2022-01-23', 'CUST55387', 'BRG0002', 2, 'DUS', 112000),
('IN6251', '2022-01-23', 'CUST55387', 'BRG0003', 12, 'BOTOL', 17000),
('IN6251', '2022-01-23', 'CUST55387', 'BRG0004', 5, 'TABLET', 24500),
('IN6251', '2022-01-23', 'CUST55387', 'BRG0005', 5, 'TABLET', 47000),
('IN6251', '2022-01-23', 'CUST55387', 'BRG0006', 5, 'TABLET', 39000),
('IN6251', '2022-01-23', 'CUST55387', 'BRG0007', 12, 'BOTOL', 64700),
('IN6251', '2022-01-23', 'CUST55387', 'BRG0008', 5, 'TABLET', 9800),
('IN6251', '2022-01-23', 'CUST55387', 'BRG0009', 12, 'BOTOL', 31000),
('IN6036', '2022-01-27', 'CUST55388', 'BRG0003', 15, 'BOTOL', 17000),
('IN6036', '2022-01-27', 'CUST55388', 'BRG0004', 12, 'TABLET', 24500),
('IN6036', '2022-01-27', 'CUST55388', 'BRG0009', 22, 'BOTOL', 31000),
('IN6036', '2022-01-27', 'CUST55388', 'BRG0010', 10, 'BOTOL', 21000),
('IN6029', '2022-01-28', 'CUST55389', 'BRG0001', 1, 'DUS', 96000),
('IN6029', '2022-01-28', 'CUST55389', 'BRG0003', 5, 'BOTOL', 17000),
('IN6029', '2022-01-28', 'CUST55389', 'BRG0004', 7, 'TABLET', 24500),
('IN6029', '2022-01-28', 'CUST55389', 'BRG0005', 7, 'TABLET', 47000),
('IN6029', '2022-01-28', 'CUST55389', 'BRG0006', 7, 'TABLET', 39000),
('IN6029', '2022-01-28', 'CUST55389', 'BRG0007', 14, 'BOTOL', 64700),
('IN6029', '2022-01-28', 'CUST55389', 'BRG0008', 8, 'TABLET', 9800),
('IN6029', '2022-01-28', 'CUST55389', 'BRG0009', 18, 'BOTOL', 31000),
('IN6029', '2022-01-28', 'CUST55389', 'BRG0010', 20, 'BOTOL', 21000),
('IN6190', '2022-01-23', 'CUST55390', 'BRG0001', 40, 'DUS', 96000),
('IN6287', '2022-01-30', 'CUST55391', 'BRG0002', 17, 'DUS', 112000),
('IN6287', '2022-01-30', 'CUST55391', 'BRG0006', 20, 'TABLET', 39000),
('IN6287', '2022-01-30', 'CUST55391', 'BRG0010', 16, 'BOTOL', 21000),
('IN6102', '2022-01-31', 'CUST55392', 'BRG0003', 11, 'BOTOL', 17000),
('IN6102', '2022-01-31', 'CUST55392', 'BRG0007', 24, 'BOTOL', 64700),
('IN6301', '2022-02-01', 'CUST55393', 'BRG0004', 12, 'TABLET', 24500),
('IN6301', '2022-02-01', 'CUST55393', 'BRG0006', 12, 'TABLET', 39000),
('IN6301', '2022-02-01', 'CUST55393', 'BRG0008', 24, 'TABLET', 9800),
('IN6301', '2022-02-01', 'CUST55393', 'BRG0009', 10, 'BOTOL', 31000),
('IN6024', '2022-01-27', 'CUST55394', 'BRG0001', 4, 'DUS', 96000),
('IN6024', '2022-01-27', 'CUST55394', 'BRG0004', 12, 'TABLET', 24500),
('IN6024', '2022-01-27', 'CUST55394', 'BRG0005', 12, 'TABLET', 47000),
('IN6024', '2022-01-27', 'CUST55394', 'BRG0006', 12, 'TABLET', 39000),
('IN6024', '2022-01-27', 'CUST55394', 'BRG0007', 8, 'BOTOL', 64700),
('IN6024', '2022-01-27', 'CUST55394', 'BRG0008', 12, 'TABLET', 9800),
('IN6024', '2022-01-27', 'CUST55394', 'BRG0010', 16, 'BOTOL', 21000),
('IN6184', '2022-01-28', 'CUST55395', 'BRG0002', 1, 'DUS', 112000),
('IN6184', '2022-01-28', 'CUST55395', 'BRG0003', 12, 'BOTOL', 17000),
('IN6184', '2022-01-28', 'CUST55395', 'BRG0004', 25, 'TABLET', 24500),
('IN6184', '2022-01-28', 'CUST55395', 'BRG0006', 25, 'TABLET', 39000),
('IN6307', '2022-01-23', 'CUST55396', 'BRG0001', 4, 'DUS', 96000),
('IN6307', '2022-01-23', 'CUST55396', 'BRG0002', 4, 'DUS', 112000),
('IN6307', '2022-01-23', 'CUST55396', 'BRG0003', 24, 'BOTOL', 17000),
('IN6307', '2022-01-23', 'CUST55396', 'BRG0004', 12, 'TABLET', 24500),
('IN6307', '2022-01-23', 'CUST55396', 'BRG0005', 14, 'TABLET', 47000),
('IN6307', '2022-01-23', 'CUST55396', 'BRG0006', 15, 'TABLET', 39000),
('IN6307', '2022-01-23', 'CUST55396', 'BRG0007', 22, 'BOTOL', 64700),
('IN6308', '2022-01-23', 'CUST55397', 'BRG0001', 8, 'DUS', 96000),
('IN6308', '2022-01-23', 'CUST55397', 'BRG0006', 10, 'TABLET', 39000),
('IN6245', '2022-01-30', 'CUST55397', 'BRG0008', 34, 'TABLET', 9800),
('IN6195', '2022-01-31', 'CUST55398', 'BRG0004', 10, 'TABLET', 24500),
('IN6195', '2022-01-31', 'CUST55398', 'BRG0007', 10, 'BOTOL', 64700),
('IN6195', '2022-01-31', 'CUST55398', 'BRG0009', 67, 'BOTOL', 31000),
('IN6023', '2022-02-01', 'CUST55399', 'BRG0004', 10, 'TABLET', 24500),
('IN6023', '2022-02-01', 'CUST55399', 'BRG0005', 10, 'TABLET', 47000),
('IN6023', '2022-02-01', 'CUST55399', 'BRG0006', 10, 'TABLET', 39000),
('IN6023', '2022-02-01', 'CUST55399', 'BRG0007', 10, 'BOTOL', 64700),
('IN6023', '2022-02-01', 'CUST55399', 'BRG0008', 10, 'TABLET', 9800),
('IN6023', '2022-02-01', 'CUST55399', 'BRG0009', 67, 'BOTOL', 31000),
('IN6023', '2022-02-01', 'CUST55399', 'BRG0010', 15, 'BOTOL', 21000),
('IN6113', '2022-02-01', 'CUST55382', 'BRG0001', 2, 'DUS', 96000),
('IN6113', '2022-02-01', 'CUST55382', 'BRG0002', 2, 'DUS', 112000),
('IN6113', '2022-02-01', 'CUST55382', 'BRG0004', 12, 'TABLET', 24500),
('IN6113', '2022-02-01', 'CUST55382', 'BRG0005', 12, 'TABLET', 47000),
('IN6259', '2022-02-01', 'CUST55405', 'BRG0002', 25, 'DUS', 112000),
('IN6259', '2022-02-01', 'CUST55405', 'BRG0003', 14, 'BOTOL', 17000),
('IN6259', '2022-02-01', 'CUST55405', 'BRG0004', 18, 'TABLET', 24500),
('IN6259', '2022-02-01', 'CUST55405', 'BRG0005', 18, 'TABLET', 47000),
('IN6259', '2022-02-01', 'CUST55405', 'BRG0006', 19, 'TABLET', 39000),
('IN6063', '2022-02-01', 'CUST55417', 'BRG0001', 12, 'DUS', 96000),
('IN6063', '2022-02-01', 'CUST55417', 'BRG0002', 25, 'DUS', 112000),
('IN6063', '2022-02-01', 'CUST55417', 'BRG0003', 14, 'BOTOL', 17000),
('IN6063', '2022-02-01', 'CUST55417', 'BRG0004', 21, 'TABLET', 24500),
('IN6063', '2022-02-01', 'CUST55417', 'BRG0005', 24, 'TABLET', 47000),
('IN6063', '2022-02-01', 'CUST55417', 'BRG0006', 10, 'TABLET', 39000),
('IN6063', '2022-02-01', 'CUST55417', 'BRG0007', 23, 'BOTOL', 64700),
('IN6063', '2022-02-01', 'CUST55417', 'BRG0008', 12, 'TABLET', 9800),
('IN6063', '2022-02-01', 'CUST55417', 'BRG0009', 10, 'BOTOL', 31000),
('IN6063', '2022-02-01', 'CUST55417', 'BRG0010', 67, 'BOTOL', 21000),
('IN6064', '2022-02-02', 'CUST55380', 'BRG0004', 24, 'TABLET', 24500),
('IN6064', '2022-02-02', 'CUST55380', 'BRG0005', 24, 'TABLET', 47000),
('IN6131', '2022-01-28', 'CUST55418', 'BRG0009', 10, 'BOTOL', 31000),
('IN6131', '2022-01-28', 'CUST55418', 'BRG0010', 27, 'BOTOL', 21000),
('IN6028', '2022-01-30', 'CUST55420', 'BRG0001', 98, 'DUS', 96000),
('IN6028', '2022-01-30', 'CUST55420', 'BRG0002', 5, 'DUS', 112000),
('IN6028', '2022-01-30', 'CUST55420', 'BRG0003', 4, 'BOTOL', 17000),
('IN6028', '2022-01-30', 'CUST55420', 'BRG0004', 8, 'TABLET', 24500),
('IN6028', '2022-01-30', 'CUST55420', 'BRG0005', 9, 'TABLET', 47000),
('IN6028', '2022-01-30', 'CUST55420', 'BRG0006', 10, 'TABLET', 39000),
('IN6028', '2022-01-30', 'CUST55420', 'BRG0007', 7, 'BOTOL', 64700),
('IN6028', '2022-01-30', 'CUST55420', 'BRG0008', 100, 'TABLET', 9800),
('IN6028', '2022-01-30', 'CUST55420', 'BRG0009', 67, 'BOTOL', 31000),
('IN6028', '2022-01-30', 'CUST55420', 'BRG0010', 78, 'BOTOL', 21000),
('IN6306', '2022-01-27', 'CUST55430', 'BRG0001', 45, 'DUS', 96000),
('IN6306', '2022-01-27', 'CUST55430', 'BRG0004', 45, 'TABLET', 24500),
('IN6306', '2022-01-27', 'CUST55430', 'BRG0005', 34, 'TABLET', 47000);